trial,found_ik,solve_time
1,1,501
2,1,26
3,1,17
4,1,16
5,1,17
6,1,17
7,1,18
8,1,18
9,1,20
10,1,19
11,1,20
12,1,21
13,1,21
14,1,19
15,1,20
16,1,21
17,1,20
18,1,20
19,1,25
20,1,15
21,1,18
22,1,17
23,1,15
24,1,15
25,1,15
26,1,15
27,1,18
28,1,16
29,1,16
30,1,15
31,1,16
32,1,16
33,1,17
34,1,18
35,1,18
36,1,22
37,1,18
38,1,18
39,1,18
40,1,18
41,1,18
42,1,20
43,1,20
44,1,17
45,1,17
46,1,18
47,1,17
48,1,17
49,1,17
50,1,17
51,1,18
52,1,19
53,1,18
54,1,18
55,1,19
56,1,18
57,1,21
58,1,19
59,1,19
60,1,19
61,1,17
62,1,19
63,1,19
64,1,20
65,1,18
66,1,20
67,1,19
68,1,20
69,1,19
70,1,19
71,1,20
72,1,19
73,1,20
74,1,16
75,1,10
76,1,10
77,1,10
78,1,10
79,1,9
80,1,10
81,1,10
82,1,10
83,1,10
84,1,9
85,1,10
86,1,10
87,1,9
88,1,10
89,1,9
90,1,10
91,1,10
92,1,10
93,1,10
94,1,10
95,1,10
96,1,10
97,1,10
98,1,10
99,1,10
100,1,10
101,1,9
102,1,22
103,1,10
104,1,10
105,1,9
106,1,10
107,1,10
108,1,9
109,1,10
110,1,9
111,1,9
112,1,9
113,1,10
114,1,10
115,1,10
116,1,10
117,1,9
118,1,10
119,1,10
120,1,10
121,1,10
122,1,9
123,1,10
124,1,10
125,1,10
126,1,10
127,1,10
128,1,10
129,1,10
130,1,10
131,1,10
132,1,10
133,1,9
134,1,10
135,1,10
136,1,9
137,1,9
138,1,9
139,1,9
140,1,10
141,1,10
142,1,9
143,1,10
144,1,10
145,1,10
146,1,9
147,1,10
148,1,10
149,1,10
150,1,10
151,1,9
152,1,9
153,1,9
154,1,9
155,1,9
156,1,9
157,1,9
158,1,9
159,1,9
160,1,9
161,1,9
162,1,9
163,1,9
164,1,9
165,1,9
166,1,9
167,1,9
168,1,9
169,1,9
170,1,9
171,1,9
172,1,9
173,1,9
174,1,9
175,1,9
176,1,9
177,1,9
178,1,9
179,1,9
180,1,9
181,1,9
182,1,9
183,1,9
184,1,9
185,1,9
186,1,9
187,1,9
188,1,9
189,1,9
190,1,9
191,1,9
192,1,9
193,1,9
194,1,9
195,1,9
196,1,9
197,1,9
198,1,9
199,1,9
200,1,9
201,1,9
202,1,9
203,1,9
204,1,9
205,1,9
206,1,9
207,1,9
208,1,10
209,1,9
210,1,9
211,1,9
212,1,9
213,1,9
214,1,9
215,1,9
216,1,9
217,1,9
218,1,9
219,1,10
220,1,9
221,1,9
222,1,9
223,1,9
224,1,9
225,1,9
226,1,9
227,1,9
228,1,9
229,1,9
230,1,9
231,1,9
232,1,9
233,1,9
234,1,9
235,1,9
236,1,9
237,1,9
238,1,9
239,1,9
240,1,9
241,1,9
242,1,9
243,1,9
244,1,9
245,1,9
246,1,9
247,1,9
248,1,9
249,1,9
250,1,9
251,1,9
252,1,9
253,1,9
254,1,9
255,1,9
256,1,9
257,1,9
258,1,10
259,1,9
260,1,10
261,1,10
262,1,9
263,1,9
264,1,9
265,1,9
266,1,9
267,1,9
268,1,9
269,1,9
270,1,9
271,1,9
272,1,9
273,1,9
274,1,9
275,1,9
276,1,9
277,1,9
278,1,9
279,1,9
280,1,9
281,1,9
282,1,9
283,1,9
284,1,9
285,1,9
286,1,9
287,1,9
288,1,9
289,1,9
290,1,9
291,1,9
292,1,9
293,1,9
294,1,9
295,1,9
296,1,9
297,1,9
298,1,9
299,1,9
300,1,9
301,1,9
302,1,9
303,1,9
304,1,9
305,1,9
306,1,9
307,1,9
308,1,9
309,1,9
310,1,9
311,1,9
312,1,9
313,1,9
314,1,9
315,1,9
316,1,9
317,1,9
318,1,9
319,1,11
320,1,9
321,1,9
322,1,10
323,1,10
324,1,10
325,1,9
326,1,9
327,1,9
328,1,9
329,1,10
330,1,9
331,1,9
332,1,10
333,1,10
334,1,10
335,1,9
336,1,9
337,1,10
338,1,9
339,1,10
340,1,9
341,1,9
342,1,10
343,1,9
344,1,10
345,1,9
346,1,10
347,1,10
348,1,9
349,1,10
350,1,9
351,1,9
352,1,10
353,1,10
354,1,10
355,1,9
356,1,9
357,1,10
358,1,10
359,1,9
360,1,9
361,1,10
362,1,9
363,1,9
364,1,9
365,1,9
366,1,9
367,1,10
368,1,9
369,1,10
370,1,9
371,1,9
372,1,9
373,1,10
374,1,9
375,1,10
376,1,9
377,1,9
378,1,10
379,1,10
380,1,10
381,1,9
382,1,10
383,1,22
384,1,9
385,1,10
386,1,10
387,1,10
388,1,10
389,1,10
390,1,9
391,1,9
392,1,10
393,1,10
394,1,10
395,1,9
396,1,10
397,1,10
398,1,10
399,1,9
400,1,9
401,1,9
402,1,9
403,1,9
404,1,10
405,1,10
406,1,9
407,1,9
408,1,10
409,1,10
410,1,9
411,1,10
412,1,10
413,1,9
414,1,10
415,1,9
416,1,10
417,1,10
418,1,10
419,1,10
420,1,10
421,1,9
422,1,9
423,1,9
424,1,9
425,1,9
426,1,9
427,1,10
428,1,10
429,1,10
430,1,10
431,1,9
432,1,10
433,1,10
434,1,9
435,1,9
436,1,10
437,1,10
438,1,10
439,1,10
440,1,9
441,1,10
442,1,9
443,1,10
444,1,10
445,1,9
446,1,9
447,1,10
448,1,9
449,1,15
450,1,10
451,1,10
452,1,9
453,1,9
454,1,9
455,1,10
456,1,10
457,1,10
458,1,10
459,1,9
460,1,10
461,1,9
462,1,12
463,1,17
464,1,16
465,1,16
466,1,16
467,1,15
468,1,16
469,1,16
470,1,16
471,1,15
472,1,16
473,1,17
474,1,15
475,1,16
476,1,17
477,1,15
478,1,15
479,1,16
480,1,16
481,1,16
482,1,16
483,1,16
484,1,16
485,1,17
486,1,17
487,1,17
488,1,18
489,1,17
490,1,17
491,1,17
492,1,17
493,1,17
494,1,17
495,1,17
496,1,17
497,1,17
498,1,17
499,1,17
500,1,17
501,1,21
502,1,17
503,1,17
504,1,17
505,1,17
506,1,17
507,1,18
508,1,17
509,1,18
510,1,18
511,1,17
512,1,17
513,1,17
514,1,18
515,1,17
516,1,17
517,1,17
518,1,18
519,1,18
520,1,17
521,1,17
522,1,17
523,1,17
524,1,17
525,1,18
526,1,17
527,1,17
528,1,18
529,1,18
530,1,18
531,1,17
532,1,17
533,1,17
534,1,16
535,1,16
536,1,16
537,1,17
538,1,15
539,1,16
540,1,19
541,1,16
542,1,18
543,1,16
544,1,10
545,1,10
546,1,10
547,1,10
548,1,10
549,1,10
550,1,10
551,1,10
552,1,10
553,1,10
554,1,10
555,1,9
556,1,10
557,1,9
558,1,9
559,1,10
560,1,10
561,1,10
562,1,9
563,1,10
564,1,9
565,1,9
566,1,11
567,1,15
568,1,17
569,1,13
570,1,10
571,1,9
572,1,9
573,1,9
574,1,10
575,1,10
576,1,9
577,1,10
578,1,10
579,1,10
580,1,9
581,1,10
582,1,10
583,1,10
584,1,10
585,1,10
586,1,10
587,1,9
588,1,9
589,1,10
590,1,10
591,1,10
592,1,9
593,1,10
594,1,10
595,1,9
596,1,10
597,1,10
598,1,9
599,1,10
600,1,10
601,1,9
602,1,10
603,1,9
604,1,10
605,1,10
606,1,9
607,1,10
608,1,10
609,1,9
610,1,9
611,1,10
612,1,10
613,1,9
614,1,10
615,1,9
616,1,10
617,1,10
618,1,10
619,1,10
620,1,9
621,1,10
622,1,9
623,1,10
624,1,10
625,1,10
626,1,10
627,1,10
628,1,10
629,1,10
630,1,9
631,1,10
632,1,10
633,1,10
634,1,10
635,1,9
636,1,10
637,1,9
638,1,10
639,1,9
640,1,10
641,1,10
642,1,10
643,1,10
644,1,10
645,1,10
646,1,10
647,1,10
648,1,9
649,1,21
650,1,9
651,1,9
652,1,10
653,1,9
654,1,10
655,1,9
656,1,10
657,1,10
658,1,10
659,1,10
660,1,10
661,1,10
662,1,9
663,1,10
664,1,9
665,1,9
666,1,9
667,1,10
668,1,10
669,1,10
670,1,10
671,1,9
672,1,9
673,1,10
674,1,10
675,1,10
676,1,10
677,1,10
678,1,10
679,1,9
680,1,10
681,1,9
682,1,10
683,1,9
684,1,9
685,1,10
686,1,10
687,1,10
688,1,10
689,1,9
690,1,10
691,1,10
692,1,9
693,1,10
694,1,10
695,1,10
696,1,10
697,1,9
698,1,9
699,1,10
700,1,9
701,1,10
702,1,9
703,1,10
704,1,10
705,1,9
706,1,9
707,1,10
708,1,10
709,1,10
710,1,10
711,1,10
712,1,10
713,1,10
714,1,10
715,1,9
716,1,9
717,1,10
718,1,10
719,1,10
720,1,9
721,1,9
722,1,9
723,1,10
724,1,10
725,1,9
726,1,10
727,1,10
728,1,10
729,1,10
730,1,10
731,1,9
732,1,16
733,1,15
734,1,15
735,1,15
736,1,14
737,1,10
738,1,10
739,1,10
740,1,21
741,1,10
742,1,10
743,1,10
744,1,10
745,1,10
746,1,9
747,1,10
748,1,10
749,1,9
750,1,10
751,1,10
752,1,10
753,1,9
754,1,10
755,1,10
756,1,10
757,1,10
758,1,9
759,1,10
760,1,9
761,1,10
762,1,9
763,1,9
764,1,10
765,1,10
766,1,11
767,1,10
768,1,10
769,1,10
770,1,10
771,1,10
772,1,10
773,1,10
774,1,10
775,1,10
776,1,10
777,1,10
778,1,10
779,1,10
780,1,10
781,1,9
782,1,10
783,1,10
784,1,10
785,1,10
786,1,10
787,1,10
788,1,10
789,1,10
790,1,10
791,1,10
792,1,10
793,1,10
794,1,10
795,1,10
796,1,10
797,1,10
798,1,10
799,1,10
800,1,10
801,1,10
802,1,10
803,1,10
804,1,10
805,1,10
806,1,10
807,1,10
808,1,10
809,1,10
810,1,10
811,1,10
812,1,10
813,1,10
814,1,10
815,1,10
816,1,10
817,1,10
818,1,10
819,1,10
820,1,10
821,1,10
822,1,10
823,1,10
824,1,10
825,1,10
826,1,10
827,1,10
828,1,10
829,1,10
830,1,10
831,1,10
832,1,10
833,1,10
834,1,10
835,1,10
836,1,10
837,1,10
838,1,10
839,1,10
840,1,10
841,1,10
842,1,10
843,1,10
844,1,10
845,1,10
846,1,10
847,1,10
848,1,10
849,1,10
850,1,10
851,1,10
852,1,10
853,1,10
854,1,10
855,1,10
856,1,10
857,1,10
858,1,10
859,1,10
860,1,10
861,1,10
862,1,10
863,1,10
864,1,10
865,1,10
866,1,10
867,1,10
868,1,10
869,1,10
870,1,10
871,1,10
872,1,10
873,1,10
874,1,10
875,1,10
876,1,10
877,1,10
878,1,10
879,1,10
880,1,10
881,1,9
882,1,10
883,1,10
884,1,10
885,1,10
886,1,10
887,1,10
888,1,10
889,1,10
890,1,10
891,1,10
892,1,10
893,1,10
894,1,10
895,1,10
896,1,10
897,1,10
898,1,10
899,1,10
900,1,10
901,1,10
902,1,10
903,1,10
904,1,10
905,1,10
906,1,10
907,1,10
908,1,10
909,1,10
910,1,10
911,1,10
912,1,10
913,1,10
914,1,10
915,1,10
916,1,10
917,1,10
918,1,10
919,1,18
920,1,10
921,1,10
922,1,10
923,1,10
924,1,10
925,1,10
926,1,10
927,1,10
928,1,10
929,1,10
930,1,10
931,1,10
932,1,10
933,1,10
934,1,10
935,1,10
936,1,10
937,1,10
938,1,10
939,1,10
940,1,10
941,1,10
942,1,10
943,1,10
944,1,10
945,1,10
946,1,10
947,1,10
948,1,10
949,1,10
950,1,10
951,1,10
952,1,10
953,1,10
954,1,10
955,1,10
956,1,26
957,1,15
958,1,15
959,1,15
960,1,15
961,1,15
962,1,16
963,1,65
964,1,18
965,1,15
966,1,18
967,1,28
968,1,20
969,1,20
970,1,24
971,1,19
972,1,19
973,1,20
974,1,19
975,1,18
976,1,20
977,1,20
978,1,22
979,1,20
980,1,17
981,1,19
982,1,19
983,1,20
984,1,18
985,1,18
986,1,18
987,1,20
988,1,20
989,1,20
990,1,20
991,1,18
992,1,19
993,1,18
994,1,17
995,1,18
996,1,19
997,1,20
998,1,20
999,1,20
1000,1,20
1001,1,20
1002,1,20
1003,1,21
1004,1,21
1005,1,20
1006,1,20
1007,1,19
1008,1,27
1009,1,20
1010,1,20
1011,1,19
1012,1,21
1013,1,29
1014,1,20
1015,1,20
1016,1,19
1017,1,19
1018,1,10
1019,1,10
1020,1,10
1021,1,10
1022,1,10
1023,1,10
1024,1,10
1025,1,10
1026,1,11
1027,1,10
1028,1,10
1029,1,10
1030,1,10
1031,1,10
1032,1,10
1033,1,10
1034,1,10
1035,1,10
1036,1,10
1037,1,10
1038,1,10
1039,1,10
1040,1,10
1041,1,10
1042,1,10
1043,1,10
1044,1,10
1045,1,10
1046,1,10
1047,1,10
1048,1,10
1049,1,10
1050,1,10
1051,1,10
1052,1,10
1053,1,10
1054,1,10
1055,1,10
1056,1,10
1057,1,10
1058,1,10
1059,1,10
1060,1,10
1061,1,10
1062,1,10
1063,1,10
1064,1,10
1065,1,10
1066,1,10
1067,1,10
1068,1,10
1069,1,10
1070,1,10
1071,1,10
1072,1,10
1073,1,10
1074,1,10
1075,1,10
1076,1,10
1077,1,10
1078,1,10
1079,1,10
1080,1,10
1081,1,10
1082,1,10
1083,1,10
1084,1,10
1085,1,10
1086,1,10
1087,1,10
1088,1,10
1089,1,10
1090,1,10
1091,1,10
1092,1,10
1093,1,10
1094,1,10
1095,1,10
1096,1,10
1097,1,10
1098,1,10
1099,1,21
1100,1,10
1101,1,10
1102,1,10
1103,1,10
1104,1,10
1105,1,10
1106,1,10
1107,1,10
1108,1,10
1109,1,10
1110,1,10
1111,1,10
1112,1,10
1113,1,10
1114,1,10
1115,1,10
1116,1,10
1117,1,10
1118,1,10
1119,1,10
1120,1,10
1121,1,10
1122,1,10
1123,1,10
1124,1,10
1125,1,10
1126,1,10
1127,1,10
1128,1,10
1129,1,10
1130,1,10
1131,1,10
1132,1,10
1133,1,10
1134,1,10
1135,1,10
1136,1,10
1137,1,10
1138,1,10
1139,1,10
1140,1,10
1141,1,10
1142,1,10
1143,1,10
1144,1,10
1145,1,10
1146,1,10
1147,1,10
1148,1,10
1149,1,10
1150,1,10
1151,1,10
1152,1,10
1153,1,10
1154,1,10
1155,1,10
1156,1,10
1157,1,10
1158,1,10
1159,1,10
1160,1,10
1161,1,10
1162,1,10
1163,1,16
1164,1,10
1165,1,10
1166,1,10
1167,1,10
1168,1,10
1169,1,10
1170,1,10
1171,1,10
1172,1,10
1173,1,10
1174,1,10
1175,1,10
1176,1,10
1177,1,10
1178,1,9
1179,1,10
1180,1,10
1181,1,10
1182,1,10
1183,1,10
1184,1,10
1185,1,10
1186,1,10
1187,1,10
1188,1,10
1189,1,10
1190,1,10
1191,1,10
1192,1,10
1193,1,10
1194,1,10
1195,1,10
1196,1,10
1197,1,10
1198,1,10
1199,1,10
1200,1,10
1201,1,10
1202,1,9
1203,1,10
1204,1,10
1205,1,10
1206,1,10
1207,1,10
1208,1,10
1209,1,10
1210,1,10
1211,1,10
1212,1,10
1213,1,10
1214,1,10
1215,1,10
1216,1,10
1217,1,10
1218,1,10
1219,1,10
1220,1,10
1221,1,10
1222,1,10
1223,1,10
1224,1,10
1225,1,10
1226,1,10
1227,1,10
1228,1,10
1229,1,10
1230,1,10
1231,1,10
1232,1,10
1233,1,10
1234,1,10
1235,1,10
1236,1,10
1237,1,10
1238,1,10
1239,1,10
1240,1,10
1241,1,10
1242,1,10
1243,1,10
1244,1,10
1245,1,10
1246,1,10
1247,1,10
1248,1,10
1249,1,10
1250,1,10
1251,1,10
1252,1,10
1253,1,10
1254,1,10
1255,1,10
1256,1,10
1257,1,10
1258,1,10
1259,1,10
1260,1,10
1261,1,10
1262,1,10
1263,1,10
1264,1,10
1265,1,10
1266,1,10
1267,1,10
1268,1,10
1269,1,10
1270,1,10
1271,1,10
1272,1,10
1273,1,10
1274,1,10
1275,1,10
1276,1,10
1277,1,10
1278,1,10
1279,1,10
1280,1,10
1281,1,10
1282,1,10
1283,1,10
1284,1,10
1285,1,10
1286,1,10
1287,1,10
1288,1,10
1289,1,10
1290,1,10
1291,1,10
1292,1,10
1293,1,10
1294,1,10
1295,1,10
1296,1,10
1297,1,10
1298,1,10
1299,1,10
1300,1,10
1301,1,10
1302,1,10
1303,1,10
1304,1,10
1305,1,10
1306,1,10
1307,1,10
1308,1,10
1309,1,10
1310,1,10
1311,1,10
1312,1,10
1313,1,10
1314,1,10
1315,1,10
1316,1,10
1317,1,10
1318,1,10
1319,1,10
1320,1,10
1321,1,10
1322,1,10
1323,1,10
1324,1,10
1325,1,10
1326,1,10
1327,1,10
1328,1,10
1329,1,10
1330,1,10
1331,1,10
1332,1,20
1333,1,10
1334,1,10
1335,1,10
1336,1,10
1337,1,10
1338,1,10
1339,1,10
1340,1,10
1341,1,10
1342,1,10
1343,1,10
1344,1,10
1345,1,10
1346,1,10
1347,1,10
1348,1,10
1349,1,10
1350,1,10
1351,1,10
1352,1,10
1353,1,10
1354,1,10
1355,1,10
1356,1,10
1357,1,10
1358,1,10
1359,1,10
1360,1,10
1361,1,10
1362,1,10
1363,1,10
1364,1,10
1365,1,9
1366,1,9
1367,1,9
1368,1,10
1369,1,10
1370,1,10
1371,1,10
1372,1,9
1373,1,10
1374,1,9
1375,1,10
1376,1,9
1377,1,10
1378,1,9
1379,1,9
1380,1,9
1381,1,10
1382,1,9
1383,1,10
1384,1,9
1385,1,10
1386,1,10
1387,1,10
1388,1,10
1389,1,10
1390,1,10
1391,1,10
1392,1,10
1393,1,10
1394,1,9
1395,1,9
1396,1,10
1397,1,10
1398,1,10
1399,1,9
1400,1,10
1401,1,9
1402,1,10
1403,1,9
1404,1,10
1405,1,10
1406,1,10
1407,1,9
1408,1,10
1409,1,10
1410,1,9
1411,1,10
1412,1,10
1413,1,9
1414,1,9
1415,1,9
1416,1,10
1417,1,9
1418,1,9
1419,1,10
1420,1,10
1421,1,10
1422,1,9
1423,1,10
1424,1,10
1425,1,20
1426,1,9
1427,1,10
1428,1,10
1429,1,10
1430,1,9
1431,1,9
1432,1,10
1433,1,9
1434,1,9
1435,1,9
1436,1,10
1437,1,10
1438,1,10
1439,1,10
1440,1,10
1441,1,9
1442,1,9
1443,1,10
1444,1,10
1445,1,9
1446,1,10
1447,1,10
1448,1,10
1449,1,10
1450,1,10
1451,1,9
1452,1,9
1453,1,9
1454,1,9
1455,1,11
1456,1,10
1457,1,10
1458,1,10
1459,1,10
1460,1,10
1461,1,10
1462,1,10
1463,1,10
1464,1,10
1465,1,10
1466,1,10
1467,1,10
1468,1,10
1469,1,10
1470,1,10
1471,1,10
1472,1,10
1473,1,10
1474,1,10
1475,1,10
1476,1,10
1477,1,10
1478,1,10
1479,1,10
1480,1,10
1481,1,10
1482,1,10
1483,1,10
1484,1,10
1485,1,10
1486,1,10
1487,1,10
1488,1,10
1489,1,10
1490,1,10
1491,1,10
1492,1,10
1493,1,10
1494,1,10
1495,1,10
1496,1,10
1497,1,10
1498,1,10
1499,1,10
1500,1,10
1501,1,10
1502,1,10
1503,1,10
1504,1,10
1505,1,10
1506,1,10
1507,1,10
1508,1,10
1509,1,10
1510,1,10
1511,1,10
1512,1,10
1513,1,10
1514,1,10
1515,1,10
1516,1,10
1517,1,17
1518,1,10
1519,1,10
1520,1,10
1521,1,10
1522,1,10
1523,1,15
1524,1,16
1525,1,17
1526,1,15
1527,1,16
1528,1,18
1529,1,10
1530,1,10
1531,1,10
1532,1,10
1533,1,10
1534,1,10
1535,1,10
1536,1,10
1537,1,10
1538,1,10
1539,1,10
1540,1,10
1541,1,10
1542,1,10
1543,1,10
1544,1,10
1545,1,10
1546,1,10
1547,1,10
1548,1,10
1549,1,10
1550,1,10
1551,1,10
1552,1,10
1553,1,10
1554,1,10
1555,1,10
1556,1,10
1557,1,10
1558,1,10
1559,1,10
1560,1,10
1561,1,10
1562,1,10
1563,1,10
1564,1,10
1565,1,9
1566,1,10
1567,1,10
1568,1,10
1569,1,10
1570,1,10
1571,1,10
1572,1,10
1573,1,10
1574,1,10
1575,1,10
1576,1,10
1577,1,10
1578,1,10
1579,1,10
1580,1,10
1581,1,10
1582,1,10
1583,1,10
1584,1,10
1585,1,10
1586,1,10
1587,1,10
1588,1,10
1589,1,10
1590,1,10
1591,1,10
1592,1,10
1593,1,10
1594,1,10
1595,1,10
1596,1,10
1597,1,10
1598,1,10
1599,1,10
1600,1,10
1601,1,10
1602,1,10
1603,1,10
1604,1,10
1605,1,14
1606,1,15
1607,1,16
1608,1,16
1609,1,16
1610,1,14
1611,1,15
1612,1,15
1613,1,15
1614,1,17
1615,1,18
1616,1,15
1617,1,16
1618,1,16
1619,1,20
1620,1,20
1621,1,14
1622,1,17
1623,1,10
1624,1,10
1625,1,10
1626,1,10
1627,1,10
1628,1,10
1629,1,10
1630,1,10
1631,1,10
1632,1,10
1633,1,10
1634,1,10
1635,1,10
1636,1,10
1637,1,10
1638,1,10
1639,1,10
1640,1,10
1641,1,10
1642,1,10
1643,1,10
1644,1,10
1645,1,10
1646,1,10
1647,1,10
1648,1,10
1649,1,10
1650,1,10
1651,1,10
1652,1,10
1653,1,175
1654,1,10
1655,1,10
1656,1,10
1657,1,10
1658,1,10
1659,1,10
1660,1,10
1661,1,10
1662,1,10
1663,1,10
1664,1,10
1665,1,10
1666,1,10
1667,1,10
1668,1,10
1669,1,10
1670,1,10
1671,1,10
1672,1,10
1673,1,10
1674,1,10
1675,1,10
1676,1,10
1677,1,10
1678,1,10
1679,1,10
1680,1,10
1681,1,10
1682,1,10
1683,1,10
1684,1,10
1685,1,10
1686,1,10
1687,1,10
1688,1,10
1689,1,10
1690,1,10
1691,1,10
1692,1,10
1693,1,10
1694,1,10
1695,1,10
1696,1,10
1697,1,10
1698,1,10
1699,1,10
1700,1,9
1701,1,10
1702,1,10
1703,1,10
1704,1,10
1705,1,10
1706,1,10
1707,1,10
1708,1,10
1709,1,10
1710,1,10
1711,1,10
1712,1,10
1713,1,10
1714,1,10
1715,1,10
1716,1,10
1717,1,10
1718,1,10
1719,1,10
1720,1,10
1721,1,10
1722,1,10
1723,1,10
1724,1,10
1725,1,10
1726,1,10
1727,1,10
1728,1,10
1729,1,10
1730,1,10
1731,1,10
1732,1,10
1733,1,10
1734,1,10
1735,1,10
1736,1,10
1737,1,10
1738,1,10
1739,1,10
1740,1,10
1741,1,10
1742,1,10
1743,1,10
1744,1,10
1745,1,10
1746,1,10
1747,1,10
1748,1,10
1749,1,10
1750,1,10
1751,1,10
1752,1,10
1753,1,10
1754,1,10
1755,1,10
1756,1,10
1757,1,10
1758,1,10
1759,1,10
1760,1,10
1761,1,10
1762,1,10
1763,1,10
1764,1,10
1765,1,10
1766,1,10
1767,1,10
1768,1,10
1769,1,10
1770,1,10
1771,1,10
1772,1,10
1773,1,10
1774,1,10
1775,1,10
1776,1,10
1777,1,10
1778,1,10
1779,1,10
1780,1,10
1781,1,10
1782,1,10
1783,1,10
1784,1,19
1785,1,16
1786,1,16
1787,1,17
1788,1,16
1789,1,16
1790,1,15
1791,1,19
1792,1,18
1793,1,18
1794,1,19
1795,1,18
1796,1,20
1797,1,21
1798,1,22
1799,1,19
1800,1,18
1801,1,19
1802,1,19
1803,1,19
1804,1,20
1805,1,20
1806,1,19
1807,1,20
1808,1,18
1809,1,20
1810,1,20
1811,1,19
1812,1,19
1813,1,19
1814,1,20
1815,1,20
1816,1,19
1817,1,20
1818,1,19
1819,1,19
1820,1,19
1821,1,19
1822,1,20
1823,1,20
1824,1,20
1825,1,19
1826,1,20
1827,1,20
1828,1,19
1829,1,21
1830,1,20
1831,1,21
1832,1,18
1833,1,20
1834,1,20
1835,1,19
1836,1,19
1837,1,20
1838,1,20
1839,1,20
1840,1,19
1841,1,20
1842,1,12
1843,1,10
1844,1,10
1845,1,10
1846,1,10
1847,1,10
1848,1,10
1849,1,10
1850,1,10
1851,1,10
1852,1,10
1853,1,10
1854,1,10
1855,1,10
1856,1,10
1857,1,10
1858,1,10
1859,1,10
1860,1,10
1861,1,10
1862,1,10
1863,1,10
1864,1,10
1865,1,10
1866,1,10
1867,1,10
1868,1,10
1869,1,10
1870,1,10
1871,1,10
1872,1,10
1873,1,10
1874,1,10
1875,1,10
1876,1,10
1877,1,10
1878,1,10
1879,1,10
1880,1,10
1881,1,10
1882,1,10
1883,1,10
1884,1,10
1885,1,10
1886,1,10
1887,1,10
1888,1,10
1889,1,10
1890,1,10
1891,1,10
1892,1,10
1893,1,10
1894,1,10
1895,1,10
1896,1,10
1897,1,10
1898,1,10
1899,1,10
1900,1,10
1901,1,10
1902,1,10
1903,1,10
1904,1,10
1905,1,10
1906,1,10
1907,1,10
1908,1,10
1909,1,10
1910,1,10
1911,1,10
1912,1,10
1913,1,10
1914,1,9
1915,1,10
1916,1,10
1917,1,10
1918,1,10
1919,1,10
1920,1,21
1921,1,10
1922,1,10
1923,1,10
1924,1,10
1925,1,10
1926,1,10
1927,1,10
1928,1,10
1929,1,10
1930,1,10
1931,1,10
1932,1,10
1933,1,10
1934,1,10
1935,1,10
1936,1,10
1937,1,10
1938,1,10
1939,1,10
1940,1,10
1941,1,10
1942,1,10
1943,1,10
1944,1,10
1945,1,10
1946,1,10
1947,1,10
1948,1,10
1949,1,10
1950,1,10
1951,1,10
1952,1,10
1953,1,10
1954,1,11
1955,1,9
1956,1,10
1957,1,10
1958,1,10
1959,1,9
1960,1,10
1961,1,9
1962,1,10
1963,1,10
1964,1,9
1965,1,9
1966,1,10
1967,1,9
1968,1,10
1969,1,9
1970,1,10
1971,1,10
1972,1,10
1973,1,10
1974,1,9
1975,1,9
1976,1,9
1977,1,10
1978,1,10
1979,1,10
1980,1,9
1981,1,10
1982,1,10
1983,1,10
1984,1,10
1985,1,10
1986,1,10
1987,1,10
1988,1,10
1989,1,10
1990,1,10
1991,1,10
1992,1,9
1993,1,10
1994,1,10
1995,1,10
1996,1,10
1997,1,9
1998,1,9
1999,1,10
2000,1,10
2001,1,9
2002,1,10
2003,1,9
2004,1,9
2005,1,9
2006,1,10
2007,1,10
2008,1,10
2009,1,10
2010,1,10
2011,1,10
2012,1,10
2013,1,10
2014,1,10
2015,1,9
2016,1,9
2017,1,9
2018,1,10
2019,1,10
2020,1,9
2021,1,10
2022,1,10
2023,1,10
2024,1,10
2025,1,9
2026,1,10
2027,1,9
2028,1,9
2029,1,10
2030,1,10
2031,1,10
2032,1,9
2033,1,9
2034,1,10
2035,1,9
2036,1,10
2037,1,10
2038,1,10
2039,1,10
2040,1,10
2041,1,10
2042,1,10
2043,1,9
2044,1,10
2045,1,10
2046,1,10
2047,1,11
2048,1,10
2049,1,10
2050,1,10
2051,1,10
2052,1,10
2053,1,10
2054,1,10
2055,1,10
2056,1,10
2057,1,10
2058,1,10
2059,1,10
2060,1,10
2061,1,10
2062,1,10
2063,1,10
2064,1,10
2065,1,10
2066,1,10
2067,1,10
2068,1,10
2069,1,10
2070,1,10
2071,1,10
2072,1,10
2073,1,10
2074,1,10
2075,1,10
2076,1,10
2077,1,10
2078,1,10
2079,1,10
2080,1,10
2081,1,10
2082,1,10
2083,1,10
2084,1,10
2085,1,10
2086,1,10
2087,1,10
2088,1,10
2089,1,10
2090,1,10
2091,1,10
2092,1,10
2093,1,10
2094,1,10
2095,1,10
2096,1,10
2097,1,10
2098,1,10
2099,1,10
2100,1,10
2101,1,10
2102,1,10
2103,1,10
2104,1,10
2105,1,10
2106,1,10
2107,1,10
2108,1,10
2109,1,10
2110,1,10
2111,1,10
2112,1,10
2113,1,10
2114,1,10
2115,1,10
2116,1,10
2117,1,10
2118,1,10
2119,1,10
2120,1,10
2121,1,10
2122,1,10
2123,1,10
2124,1,10
2125,1,10
2126,1,10
2127,1,10
2128,1,10
2129,1,10
2130,1,10
2131,1,10
2132,1,10
2133,1,10
2134,1,10
2135,1,10
2136,1,10
2137,1,10
2138,1,10
2139,1,10
2140,1,10
2141,1,10
2142,1,10
2143,1,10
2144,1,10
2145,1,10
2146,1,10
2147,1,10
2148,1,10
2149,1,10
2150,1,10
2151,1,10
2152,1,10
2153,1,10
2154,1,10
2155,1,10
2156,1,10
2157,1,10
2158,1,10
2159,1,10
2160,1,10
2161,1,9
2162,1,10
2163,1,10
2164,1,10
2165,1,10
2166,1,10
2167,1,10
2168,1,10
2169,1,10
2170,1,10
2171,1,10
2172,1,10
2173,1,10
2174,1,10
2175,1,10
2176,1,10
2177,1,10
2178,1,10
2179,1,10
2180,1,10
2181,1,10
2182,1,10
2183,1,10
2184,1,10
2185,1,10
2186,1,10
2187,1,10
2188,1,10
2189,1,10
2190,1,10
2191,1,10
2192,1,10
2193,1,10
2194,1,10
2195,1,10
2196,1,10
2197,1,10
2198,1,10
2199,1,10
2200,1,10
2201,1,10
2202,1,10
2203,1,10
2204,1,10
2205,1,10
2206,1,10
2207,1,10
2208,1,10
2209,1,10
2210,1,10
2211,1,10
2212,1,10
2213,1,10
2214,1,10
2215,1,10
2216,1,10
2217,1,10
2218,1,10
2219,1,10
2220,1,10
2221,1,10
2222,1,10
2223,1,10
2224,1,10
2225,1,10
2226,1,10
2227,1,10
2228,1,10
2229,1,10
2230,1,10
2231,1,10
2232,1,10
2233,1,10
2234,1,10
2235,1,10
2236,1,10
2237,1,10
2238,1,10
2239,1,10
2240,1,10
2241,1,10
2242,1,10
2243,1,10
2244,1,10
2245,1,10
2246,1,10
2247,1,10
2248,1,10
2249,1,10
2250,1,10
2251,1,10
2252,1,10
2253,1,10
2254,1,10
2255,1,10
2256,1,10
2257,1,10
2258,1,14
2259,1,10
2260,1,10
2261,1,22
2262,1,10
2263,1,10
2264,1,10
2265,1,10
2266,1,10
2267,1,10
2268,1,10
2269,1,10
2270,1,10
2271,1,10
2272,1,10
2273,1,10
2274,1,10
2275,1,10
2276,1,10
2277,1,10
2278,1,10
2279,1,9
2280,1,10
2281,1,10
2282,1,10
2283,1,10
2284,1,10
2285,1,10
2286,1,10
2287,1,10
2288,1,10
2289,1,10
2290,1,10
2291,1,10
2292,1,10
2293,1,10
2294,1,10
2295,1,10
2296,1,10
2297,1,10
2298,1,10
2299,1,10
2300,1,10
2301,1,10
2302,1,10
2303,1,10
2304,1,10
2305,1,10
2306,1,10
2307,1,10
2308,1,10
2309,1,10
2310,1,10
2311,1,10
2312,1,10
2313,1,10
2314,1,10
2315,1,10
2316,1,10
2317,1,10
2318,1,10
2319,1,10
2320,1,10
2321,1,10
2322,1,10
2323,1,10
2324,1,10
2325,1,10
2326,1,10
2327,1,10
2328,1,10
2329,1,9
2330,1,10
2331,1,10
2332,1,10
2333,1,10
2334,1,10
2335,1,10
2336,1,10
2337,1,10
2338,1,10
2339,1,10
2340,1,10
2341,1,10
2342,1,10
2343,1,10
2344,1,10
2345,1,10
2346,1,10
2347,1,10
2348,1,10
2349,1,16
2350,1,11
2351,1,10
2352,1,10
2353,1,10
2354,1,10
2355,1,10
2356,1,10
2357,1,10
2358,1,10
2359,1,10
2360,1,10
2361,1,10
2362,1,10
2363,1,10
2364,1,10
2365,1,10
2366,1,10
2367,1,10
2368,1,10
2369,1,10
2370,1,10
2371,1,10
2372,1,10
2373,1,10
2374,1,10
2375,1,10
2376,1,10
2377,1,10
2378,1,10
2379,1,10
2380,1,10
2381,1,10
2382,1,10
2383,1,10
2384,1,10
2385,1,10
2386,1,10
2387,1,10
2388,1,10
2389,1,10
2390,1,10
2391,1,10
2392,1,10
2393,1,10
2394,1,10
2395,1,10
2396,1,10
2397,1,10
2398,1,10
2399,1,10
2400,1,10
2401,1,10
2402,1,10
2403,1,10
2404,1,10
2405,1,10
2406,1,10
2407,1,10
2408,1,10
2409,1,10
2410,1,10
2411,1,10
2412,1,10
2413,1,10
2414,1,10
2415,1,10
2416,1,10
2417,1,10
2418,1,10
2419,1,10
2420,1,10
2421,1,10
2422,1,10
2423,1,10
2424,1,10
2425,1,10
2426,1,10
2427,1,10
2428,1,10
2429,1,10
2430,1,10
2431,1,10
2432,1,10
2433,1,10
2434,1,10
2435,1,10
2436,1,10
2437,1,10
2438,1,10
2439,1,10
2440,1,10
2441,1,10
2442,1,10
2443,1,10
2444,1,10
2445,1,10
2446,1,10
2447,1,10
2448,1,10
2449,1,10
2450,1,10
2451,1,10
2452,1,10
2453,1,10
2454,1,10
2455,1,10
2456,1,10
2457,1,10
2458,1,10
2459,1,10
2460,1,10
2461,1,10
2462,1,10
2463,1,10
2464,1,10
2465,1,10
2466,1,10
2467,1,10
2468,1,10
2469,1,10
2470,1,10
2471,1,10
2472,1,10
2473,1,10
2474,1,10
2475,1,10
2476,1,10
2477,1,10
2478,1,10
2479,1,10
2480,1,10
2481,1,10
2482,1,10
2483,1,10
2484,1,10
2485,1,10
2486,1,10
2487,1,10
2488,1,10
2489,1,10
2490,1,10
2491,1,10
2492,1,10
2493,1,10
2494,1,10
2495,1,10
2496,1,10
2497,1,10
2498,1,10
2499,1,10
2500,1,10
2501,1,10
2502,1,10
2503,1,10
2504,1,10
2505,1,10
2506,1,10
2507,1,10
2508,1,10
2509,1,10
2510,1,10
2511,1,10
2512,1,10
2513,1,10
2514,1,10
2515,1,10
2516,1,10
2517,1,10
2518,1,10
2519,1,10
2520,1,10
2521,1,10
2522,1,10
2523,1,10
2524,1,10
2525,1,10
2526,1,10
2527,1,10
2528,1,10
2529,1,10
2530,1,10
2531,1,10
2532,1,10
2533,1,10
2534,1,10
2535,1,10
2536,1,10
2537,1,10
2538,1,10
2539,1,10
2540,1,10
2541,1,10
2542,1,10
2543,1,10
2544,1,10
2545,1,10
2546,1,10
2547,1,10
2548,1,10
2549,1,10
2550,1,10
2551,1,10
2552,1,10
2553,1,10
2554,1,10
2555,1,10
2556,1,10
2557,1,10
2558,1,10
2559,1,10
2560,1,10
2561,1,10
2562,1,10
2563,1,10
2564,1,10
2565,1,10
2566,1,10
2567,1,10
2568,1,10
2569,1,10
2570,1,10
2571,1,10
2572,1,10
2573,1,10
2574,1,10
2575,1,10
2576,1,10
2577,1,10
2578,1,10
2579,1,10
2580,1,10
2581,1,10
2582,1,10
2583,1,10
2584,1,10
2585,1,10
2586,1,10
2587,1,10
2588,1,10
2589,1,10
2590,1,10
2591,1,10
2592,1,16
2593,1,10
2594,1,10
2595,1,10
2596,1,10
2597,1,10
2598,1,10
2599,1,10
2600,1,10
2601,1,10
2602,1,10
2603,1,10
2604,1,10
2605,1,10
2606,1,18
2607,1,16
2608,1,21
2609,1,17
2610,1,16
2611,1,17
2612,1,20
2613,1,18
2614,1,18
2615,1,19
2616,1,20
2617,1,21
2618,1,21
2619,1,21
2620,1,19
2621,1,21
2622,1,20
2623,1,19
2624,1,20
2625,1,20
2626,1,20
2627,1,20
2628,1,19
2629,1,20
2630,1,20
2631,1,18
2632,1,19
2633,1,20
2634,1,20
2635,1,20
2636,1,20
2637,1,19
2638,1,24
2639,1,18
2640,1,19
2641,1,19
2642,1,20
2643,1,20
2644,1,19
2645,1,20
2646,1,20
2647,1,19
2648,1,20
2649,1,20
2650,1,20
2651,1,20
2652,1,19
2653,1,20
2654,1,24
2655,1,20
2656,1,20
2657,1,27
2658,1,16
2659,1,19
2660,1,20
2661,1,20
2662,1,20
2663,1,10
2664,1,10
2665,1,10
2666,1,10
2667,1,10
2668,1,9
2669,1,10
2670,1,10
2671,1,10
2672,1,10
2673,1,10
2674,1,10
2675,1,10
2676,1,10
2677,1,10
2678,1,10
2679,1,10
2680,1,10
2681,1,10
2682,1,10
2683,1,10
2684,1,10
2685,1,10
2686,1,10
2687,1,10
2688,1,10
2689,1,9
2690,1,10
2691,1,10
2692,1,10
2693,1,10
2694,1,10
2695,1,10
2696,1,10
2697,1,10
2698,1,10
2699,1,10
2700,1,10
2701,1,10
2702,1,10
2703,1,10
2704,1,10
2705,1,10
2706,1,10
2707,1,10
2708,1,10
2709,1,10
2710,1,16
2711,1,16
2712,1,17
2713,1,17
2714,1,18
2715,1,18
2716,1,18
2717,1,16
2718,1,17
2719,1,19
2720,1,19
2721,1,18
2722,1,15
2723,1,16
2724,1,16
2725,1,18
2726,1,22
2727,1,17
2728,1,16
2729,1,17
2730,1,17
2731,1,17
2732,1,18
2733,1,18
2734,1,19
2735,1,18
2736,1,19
2737,1,19
2738,1,19
2739,1,22
2740,1,18
2741,1,16
2742,1,16
2743,1,17
2744,1,17
2745,1,17
2746,1,18
2747,1,18
2748,1,18
2749,1,17
2750,1,17
2751,1,25
2752,1,18
2753,1,19
2754,1,16
2755,1,17
2756,1,23
2757,1,17
2758,1,17
2759,1,18
2760,1,21
2761,1,17
2762,1,17
2763,1,16
2764,1,17
2765,1,17
2766,1,17
2767,1,17
2768,1,17
2769,1,17
2770,1,18
2771,1,15
2772,1,17
2773,1,18
2774,1,18
2775,1,18
2776,1,21
2777,1,20
2778,1,19
2779,1,19
2780,1,29
2781,1,19
2782,1,19
2783,1,19
2784,1,18
2785,1,18
2786,1,19
2787,1,20
2788,1,17
2789,1,19
2790,1,19
2791,1,19
2792,1,18
2793,1,18
2794,1,18
2795,1,18
2796,1,19
2797,1,19
2798,1,19
2799,1,19
2800,1,18
2801,1,74
2802,1,19
2803,1,17
2804,1,18
2805,1,19
2806,1,19
2807,1,19
2808,1,14
2809,1,18
2810,1,18
2811,1,18
2812,1,17
2813,1,18
2814,1,19
2815,1,20
2816,1,19
2817,1,18
2818,1,20
2819,1,19
2820,1,19
2821,1,20
2822,1,19
2823,1,18
2824,1,18
2825,1,20
2826,1,18
2827,1,18
2828,1,19
2829,1,19
2830,1,19
2831,1,19
2832,1,19
2833,1,18
2834,1,19
2835,1,20
2836,1,20
2837,1,19
2838,1,19
2839,1,20
2840,1,18
2841,1,18
2842,1,19
2843,1,19
2844,1,17
2845,1,19
2846,1,19
2847,1,19
2848,1,19
2849,1,19
2850,1,20
2851,1,19
2852,1,20
2853,1,17
2854,1,18
2855,1,19
2856,1,19
2857,1,19
2858,1,18
2859,1,19
2860,1,19
2861,1,20
2862,1,19
2863,1,19
2864,1,19
2865,1,20
2866,1,19
2867,1,19
2868,1,19
2869,1,19
2870,1,17
2871,1,18
2872,1,18
2873,1,19
2874,1,19
2875,1,19
2876,1,20
2877,1,18
2878,1,18
2879,1,18
2880,1,18
2881,1,19
2882,1,19
2883,1,18
2884,1,19
2885,1,19
2886,1,19
2887,1,19
2888,1,19
2889,1,20
2890,1,19
2891,1,19
2892,1,19
2893,1,32
2894,1,18
2895,1,16
2896,1,17
2897,1,17
2898,1,19
2899,1,19
2900,1,20
2901,1,18
2902,1,19
2903,1,20
2904,1,18
2905,1,18
2906,1,19
2907,1,19
2908,1,19
2909,1,20
2910,1,19
2911,1,20
2912,1,19
2913,1,19
2914,1,19
2915,1,19
2916,1,18
2917,1,19
2918,1,19
2919,1,20
2920,1,20
2921,1,20
2922,1,20
2923,1,20
2924,1,17
2925,1,19
2926,1,19
2927,1,19
2928,1,19
2929,1,19
2930,1,18
2931,1,18
2932,1,18
2933,1,19
2934,1,19
2935,1,18
2936,1,19
2937,1,19
2938,1,19
2939,1,19
2940,1,19
2941,1,19
2942,1,19
2943,1,19
2944,1,19
2945,1,18
2946,1,20
2947,1,19
2948,1,19
2949,1,20
2950,1,20
2951,1,19
2952,1,19
2953,1,18
2954,1,18
2955,1,18
2956,1,19
2957,1,19
2958,1,21
2959,1,18
2960,1,20
2961,1,20
2962,1,20
2963,1,19
2964,1,19
2965,1,19
2966,1,18
2967,1,19
2968,1,20
2969,1,19
2970,1,19
2971,1,19
2972,1,19
2973,1,20
2974,1,20
2975,1,20
2976,1,20
2977,1,20
2978,1,20
2979,1,23
2980,1,19
2981,1,19
2982,1,19
2983,1,20
2984,1,19
2985,1,19
2986,1,18
2987,1,19
2988,1,19
2989,1,19
2990,1,19
2991,1,19
2992,1,18
2993,1,19
2994,1,20
2995,1,20
2996,1,20
2997,1,19
2998,1,18
2999,1,20
3000,1,19
3001,1,19
3002,1,19
3003,1,21
3004,1,19
3005,1,20
3006,1,19
3007,1,19
3008,1,19
3009,1,20
3010,1,19
3011,1,17
3012,1,18
3013,1,18
3014,1,19
3015,1,19
3016,1,18
3017,1,17
3018,1,17
3019,1,19
3020,1,19
3021,1,19
3022,1,19
3023,1,20
3024,1,19
3025,1,20
3026,1,19
3027,1,19
3028,1,19
3029,1,20
3030,1,20
3031,1,20
3032,1,20
3033,1,19
3034,1,20
3035,1,19
3036,1,20
3037,1,19
3038,1,19
3039,1,18
3040,1,18
3041,1,19
3042,1,19
3043,1,20
3044,1,19
3045,1,19
3046,1,19
3047,1,20
3048,1,19
3049,1,21
3050,1,20
3051,1,19
3052,1,18
3053,1,18
3054,1,18
3055,1,19
3056,1,19
3057,1,20
3058,1,19
3059,1,19
3060,1,19
3061,1,19
3062,1,19
3063,1,19
3064,1,19
3065,1,19
3066,1,19
3067,1,19
3068,1,18
3069,1,19
3070,1,20
3071,1,20
3072,1,19
3073,1,19
3074,1,18
3075,1,18
3076,1,20
3077,1,20
3078,1,20
3079,1,19
3080,1,20
3081,1,20
3082,1,18
3083,1,18
3084,1,19
3085,1,18
3086,1,19
3087,1,18
3088,1,19
3089,1,20
3090,1,17
3091,1,18
3092,1,19
3093,1,20
3094,1,20
3095,1,19
3096,1,21
3097,1,19
3098,1,18
3099,1,19
3100,1,19
3101,1,19
3102,1,20
3103,1,19
3104,1,19
3105,1,19
3106,1,18
3107,1,18
3108,1,19
3109,1,19
3110,1,18
3111,1,18
3112,1,19
3113,1,18
3114,1,19
3115,1,19
3116,1,18
3117,1,19
3118,1,19
3119,1,19
3120,1,20
3121,1,19
3122,1,19
3123,1,18
3124,1,18
3125,1,17
3126,1,16
3127,1,18
3128,1,17
3129,1,18
3130,1,19
3131,1,19
3132,1,19
3133,1,20
3134,1,20
3135,1,19
3136,1,20
3137,1,22
3138,1,19
3139,1,19
3140,1,19
3141,1,19
3142,1,19
3143,1,19
3144,1,19
3145,1,18
3146,1,19
3147,1,19
3148,1,19
3149,1,17
3150,1,18
3151,1,18
3152,1,19
3153,1,19
3154,1,20
3155,1,19
3156,1,20
3157,1,19
3158,1,20
3159,1,24
3160,1,20
3161,1,20
3162,1,19
3163,1,19
3164,1,19
3165,1,19
3166,1,19
3167,1,18
3168,1,19
3169,1,19
3170,1,18
3171,1,20
3172,1,20
3173,1,19
3174,1,20
3175,1,19
3176,1,19
3177,1,21
3178,1,20
3179,1,20
3180,1,19
3181,1,20
3182,1,20
3183,1,19
3184,1,23
3185,1,20
3186,1,20
3187,1,20
3188,1,19
3189,1,16
3190,1,19
3191,1,19
3192,1,20
3193,1,19
3194,1,19
3195,1,19
3196,1,25
3197,1,20
3198,1,19
3199,1,20
3200,1,19
3201,1,20
3202,1,17
3203,1,18
3204,1,18
3205,1,20
3206,1,19
3207,1,18
3208,1,19
3209,1,18
3210,1,19
3211,1,19
3212,1,20
3213,1,19
3214,1,20
3215,1,20
3216,1,19
3217,1,20
3218,1,20
3219,1,19
3220,1,19
3221,1,19
3222,1,19
3223,1,19
3224,1,19
3225,1,20
3226,1,23
3227,1,18
3228,1,18
3229,1,19
3230,1,20
3231,1,20
3232,1,18
3233,1,19
3234,1,19
3235,1,19
3236,1,19
3237,1,19
3238,1,21
3239,1,18
3240,1,17
3241,1,16
3242,1,17
3243,1,17
3244,1,18
3245,1,17
3246,1,17
3247,1,17
3248,1,17
3249,1,17
3250,1,18
3251,1,17
3252,1,18
3253,1,18
3254,1,18
3255,1,17
3256,1,17
3257,1,18
3258,1,18
3259,1,20
3260,1,18
3261,1,19
3262,1,18
3263,1,19
3264,1,19
3265,1,19
3266,1,18
3267,1,19
3268,1,19
3269,1,19
3270,1,18
3271,1,19
3272,1,23
3273,1,20
3274,1,19
3275,1,20
3276,1,19
3277,1,19
3278,1,20
3279,1,20
3280,1,20
3281,1,19
3282,1,20
3283,1,25
3284,1,20
3285,1,19
3286,1,19
3287,1,18
3288,1,20
3289,1,19
3290,1,19
3291,1,18
3292,1,19
3293,1,19
3294,1,19
3295,1,18
3296,1,18
3297,1,18
3298,1,18
3299,1,19
3300,1,19
3301,1,19
3302,1,19
3303,1,19
3304,1,19
3305,1,20
3306,1,19
3307,1,19
3308,1,18
3309,1,19
3310,1,19
3311,1,20
3312,1,20
3313,1,19
3314,1,19
3315,1,21
3316,1,19
3317,1,22
3318,1,18
3319,1,18
3320,1,18
3321,1,19
3322,1,19
3323,1,19
3324,1,19
3325,1,18
3326,1,19
3327,1,18
3328,1,19
3329,1,18
3330,1,18
3331,1,19
3332,1,19
3333,1,19
3334,1,18
3335,1,17
3336,1,18
3337,1,20
3338,1,24
3339,1,19
3340,1,21
3341,1,19
3342,1,19
3343,1,20
3344,1,19
3345,1,18
3346,1,19
3347,1,19
3348,1,18
3349,1,19
3350,1,20
3351,1,20
3352,1,24
3353,1,20
3354,1,19
3355,1,19
3356,1,19
3357,1,20
3358,1,20
3359,1,19
3360,1,19
3361,1,20
3362,1,20
3363,1,20
3364,1,21
3365,1,20
3366,1,19
3367,1,19
3368,1,20
3369,1,19
3370,1,19
3371,1,21
3372,1,20
3373,1,19
3374,1,20
3375,1,19
3376,1,22
3377,1,20
3378,1,20
3379,1,19
3380,1,19
3381,1,20
3382,1,20
3383,1,20
3384,1,22
3385,1,19
3386,1,19
3387,1,19
3388,1,19
3389,1,19
3390,1,18
3391,1,18
3392,1,20
3393,1,20
3394,1,20
3395,1,21
3396,1,20
3397,1,23
3398,1,20
3399,1,20
3400,1,20
3401,1,20
3402,1,21
3403,1,20
3404,1,20
3405,1,21
3406,1,20
3407,1,16
3408,1,20
3409,1,18
3410,1,18
3411,1,20
3412,1,19
3413,1,18
3414,1,18
3415,1,19
3416,1,19
3417,1,18
3418,1,17
3419,1,18
3420,1,18
3421,1,22
3422,1,18
3423,1,18
3424,1,19
3425,1,18
3426,1,18
3427,1,17
3428,1,15
3429,1,15
3430,1,15
3431,1,16
3432,1,16
3433,1,16
3434,1,19
3435,1,17
3436,1,18
3437,1,17
3438,1,19
3439,1,20
3440,1,19
3441,1,19
3442,1,19
3443,1,23
3444,1,20
3445,1,19
3446,1,19
3447,1,25
3448,1,15
3449,1,15
3450,1,15
3451,1,16
3452,1,15
3453,1,15
3454,1,15
3455,1,15
3456,1,15
3457,1,20
3458,1,22
3459,1,19
3460,1,17
3461,1,19
3462,1,19
3463,1,20
3464,1,20
3465,1,17
3466,1,18
3467,1,18
3468,1,18
3469,1,20
3470,1,25
3471,1,20
3472,1,20
3473,1,20
3474,1,19
3475,1,15
3476,1,17
3477,1,17
3478,1,18
3479,1,16
3480,1,16
3481,1,18
3482,1,17
3483,1,16
3484,1,16
3485,1,16
3486,1,15
3487,1,15
3488,1,16
3489,1,16
3490,1,17
3491,1,16
3492,1,16
3493,1,15
3494,1,23
3495,1,17
3496,1,17
3497,1,17
3498,1,17
3499,1,17
3500,1,16
3501,1,15
3502,1,17
3503,1,17
3504,1,17
3505,1,18
3506,1,17
3507,1,22
3508,1,18
3509,1,17
3510,1,17
3511,1,19
3512,1,18
3513,1,17
3514,1,20
3515,1,20
3516,1,20
3517,1,19
3518,1,19
3519,1,20
3520,1,30
3521,1,20
3522,1,19
3523,1,20
3524,1,20
3525,1,19
3526,1,20
3527,1,20
3528,1,20
3529,1,20
3530,1,21
3531,1,31
3532,1,20
3533,1,20
3534,1,19
3535,1,14
3536,1,10
3537,1,10
3538,1,10
3539,1,10
3540,1,10
3541,1,10
3542,1,10
3543,1,10
3544,1,10
3545,1,10
3546,1,10
3547,1,10
3548,1,10
3549,1,10
3550,1,10
3551,1,10
3552,1,10
3553,1,10
3554,1,10
3555,1,10
3556,1,10
3557,1,10
3558,1,11
3559,1,10
3560,1,10
3561,1,10
3562,1,10
3563,1,10
3564,1,10
3565,1,10
3566,1,10
3567,1,10
3568,1,10
3569,1,10
3570,1,10
3571,1,10
3572,1,10
3573,1,10
3574,1,10
3575,1,10
3576,1,10
3577,1,10
3578,1,10
3579,1,10
3580,1,10
3581,1,10
3582,1,10
3583,1,10
3584,1,10
3585,1,10
3586,1,10
3587,1,10
3588,1,10
3589,1,10
3590,1,10
3591,1,10
3592,1,10
3593,1,10
3594,1,10
3595,1,10
3596,1,10
3597,1,10
3598,1,10
3599,1,10
3600,1,10
3601,1,10
3602,1,10
3603,1,10
3604,1,10
3605,1,10
3606,1,10
3607,1,10
3608,1,10
3609,1,10
3610,1,10
3611,1,10
3612,1,10
3613,1,10
3614,1,10
3615,1,10
3616,1,10
3617,1,10
3618,1,10
3619,1,10
3620,1,10
3621,1,10
3622,1,10
3623,1,10
3624,1,10
3625,1,10
3626,1,10
3627,1,10
3628,1,10
3629,1,10
3630,1,10
3631,1,10
3632,1,10
3633,1,10
3634,1,10
3635,1,10
3636,1,10
3637,1,10
3638,1,10
3639,1,10
3640,1,10
3641,1,10
3642,1,10
3643,1,10
3644,1,10
3645,1,10
3646,1,10
3647,1,10
3648,1,10
3649,1,10
3650,1,10
3651,1,10
3652,1,10
3653,1,10
3654,1,10
3655,1,10
3656,1,10
3657,1,10
3658,1,10
3659,1,10
3660,1,10
3661,1,10
3662,1,10
3663,1,10
3664,1,10
3665,1,10
3666,1,10
3667,1,10
3668,1,10
3669,1,10
3670,1,10
3671,1,10
3672,1,10
3673,1,10
3674,1,10
3675,1,10
3676,1,10
3677,1,10
3678,1,10
3679,1,10
3680,1,10
3681,1,10
3682,1,10
3683,1,10
3684,1,10
3685,1,10
3686,1,10
3687,1,10
3688,1,9
3689,1,10
3690,1,10
3691,1,10
3692,1,10
3693,1,10
3694,1,10
3695,1,10
3696,1,10
3697,1,10
3698,1,10
3699,1,10
3700,1,10
3701,1,10
3702,1,10
3703,1,10
3704,1,10
3705,1,10
3706,1,10
3707,1,10
3708,1,10
3709,1,10
3710,1,10
3711,1,10
3712,1,10
3713,1,10
3714,1,10
3715,1,10
3716,1,10
3717,1,10
3718,1,10
3719,1,10
3720,1,10
3721,1,10
3722,1,10
3723,1,10
3724,1,10
3725,1,10
3726,1,10
3727,1,10
3728,1,10
3729,1,10
3730,1,10
3731,1,10
3732,1,10
3733,1,10
3734,1,10
3735,1,10
3736,1,10
3737,1,10
3738,1,10
3739,1,10
3740,1,10
3741,1,10
3742,1,10
3743,1,10
3744,1,10
3745,1,10
3746,1,10
3747,1,10
3748,1,10
3749,1,10
3750,1,10
3751,1,10
3752,1,10
3753,1,10
3754,1,10
3755,1,10
3756,1,10
3757,1,10
3758,1,10
3759,1,10
3760,1,10
3761,1,10
3762,1,10
3763,1,10
3764,1,10
3765,1,10
3766,1,10
3767,1,10
3768,1,10
3769,1,10
3770,1,10
3771,1,10
3772,1,10
3773,1,10
3774,1,10
3775,1,10
3776,1,10
3777,1,10
3778,1,10
3779,1,10
3780,1,10
3781,1,10
3782,1,10
3783,1,10
3784,1,10
3785,1,10
3786,1,10
3787,1,10
3788,1,10
3789,1,10
3790,1,9
3791,1,10
3792,1,10
3793,1,10
3794,1,10
3795,1,10
3796,1,10
3797,1,10
3798,1,10
3799,1,10
3800,1,10
3801,1,10
3802,1,10
3803,1,10
3804,1,10
3805,1,10
3806,1,10
3807,1,10
3808,1,10
3809,1,10
3810,1,10
3811,1,10
3812,1,10
3813,1,10
3814,1,10
3815,1,10
3816,1,10
3817,1,10
3818,1,10
3819,1,10
3820,1,10
3821,1,10
3822,1,10
3823,1,10
3824,1,10
3825,1,10
3826,1,10
3827,1,10
3828,1,10
3829,1,10
3830,1,9
3831,1,10
3832,1,10
3833,1,10
3834,1,10
3835,1,10
3836,1,10
3837,1,10
3838,1,10
3839,1,17
3840,1,10
3841,1,10
3842,1,10
3843,1,10
3844,1,10
3845,1,10
3846,1,10
3847,1,10
3848,1,10
3849,1,10
3850,1,10
3851,1,10
3852,1,10
3853,1,10
3854,1,10
3855,1,10
3856,1,10
3857,1,10
3858,1,10
3859,1,10
3860,1,9
3861,1,10
3862,1,10
3863,1,10
3864,1,10
3865,1,10
3866,1,10
3867,1,10
3868,1,10
3869,1,10
3870,1,10
3871,1,10
3872,1,10
3873,1,10
3874,1,10
3875,1,10
3876,1,10
3877,1,10
3878,1,10
3879,1,10
3880,1,10
3881,1,10
3882,1,10
3883,1,10
3884,1,10
3885,1,10
3886,1,10
3887,1,10
3888,1,10
3889,1,10
3890,1,9
3891,1,10
3892,1,10
3893,1,10
3894,1,10
3895,1,10
3896,1,10
3897,1,10
3898,1,10
3899,1,10
3900,1,10
3901,1,10
3902,1,10
3903,1,10
3904,1,10
3905,1,10
3906,1,10
3907,1,10
3908,1,10
3909,1,10
3910,1,10
3911,1,10
3912,1,9
3913,1,9
3914,1,10
3915,1,10
3916,1,10
3917,1,10
3918,1,9
3919,1,10
3920,1,10
3921,1,10
3922,1,10
3923,1,10
3924,1,10
3925,1,10
3926,1,10
3927,1,10
3928,1,10
3929,1,10
3930,1,10
3931,1,10
3932,1,10
3933,1,10
3934,1,10
3935,1,10
3936,1,10
3937,1,10
3938,1,10
3939,1,10
3940,1,10
3941,1,10
3942,1,10
3943,1,10
3944,1,10
3945,1,10
3946,1,10
3947,1,10
3948,1,10
3949,1,10
3950,1,10
3951,1,10
3952,1,10
3953,1,10
3954,1,10
3955,1,10
3956,1,10
3957,1,10
3958,1,10
3959,1,10
3960,1,10
3961,1,10
3962,1,10
3963,1,10
3964,1,10
3965,1,10
3966,1,10
3967,1,10
3968,1,10
3969,1,10
3970,1,10
3971,1,10
3972,1,10
3973,1,10
3974,1,10
3975,1,10
3976,1,10
3977,1,10
3978,1,10
3979,1,10
3980,1,10
3981,1,10
3982,1,10
3983,1,10
3984,1,10
3985,1,10
3986,1,10
3987,1,10
3988,1,10
3989,1,10
3990,1,10
3991,1,10
3992,1,10
3993,1,10
3994,1,10
3995,1,10
3996,1,10
3997,1,10
3998,1,10
3999,1,10
4000,1,10
4001,1,10
4002,1,10
4003,1,10
4004,1,10
4005,1,10
4006,1,10
4007,1,10
4008,1,10
4009,1,10
4010,1,10
4011,1,10
4012,1,10
4013,1,10
4014,1,10
4015,1,10
4016,1,10
4017,1,10
4018,1,10
4019,1,10
4020,1,10
4021,1,10
4022,1,10
4023,1,10
4024,1,10
4025,1,10
4026,1,10
4027,1,10
4028,1,10
4029,1,10
4030,1,10
4031,1,10
4032,1,10
4033,1,10
4034,1,10
4035,1,10
4036,1,10
4037,1,10
4038,1,10
4039,1,10
4040,1,10
4041,1,10
4042,1,10
4043,1,10
4044,1,10
4045,1,10
4046,1,10
4047,1,10
4048,1,10
4049,1,10
4050,1,10
4051,1,10
4052,1,10
4053,1,10
4054,1,10
4055,1,10
4056,1,10
4057,1,10
4058,1,10
4059,1,10
4060,1,10
4061,1,10
4062,1,10
4063,1,10
4064,1,10
4065,1,10
4066,1,10
4067,1,10
4068,1,10
4069,1,10
4070,1,10
4071,1,10
4072,1,10
4073,1,10
4074,1,10
4075,1,10
4076,1,10
4077,1,10
4078,1,10
4079,1,10
4080,1,10
4081,1,10
4082,1,10
4083,1,10
4084,1,10
4085,1,10
4086,1,10
4087,1,10
4088,1,10
4089,1,9
4090,1,10
4091,1,10
4092,1,10
4093,1,10
4094,1,10
4095,1,10
4096,1,10
4097,1,10
4098,1,11
4099,1,10
4100,1,10
4101,1,10
4102,1,10
4103,1,10
4104,1,10
4105,1,10
4106,1,10
4107,1,10
4108,1,10
4109,1,10
4110,1,10
4111,1,10
4112,1,10
4113,1,10
4114,1,10
4115,1,10
4116,1,10
4117,1,10
4118,1,10
4119,1,10
4120,1,10
4121,1,10
4122,1,10
4123,1,10
4124,1,10
4125,1,10
4126,1,10
4127,1,9
4128,1,10
4129,1,10
4130,1,10
4131,1,10
4132,1,10
4133,1,10
4134,1,10
4135,1,10
4136,1,10
4137,1,10
4138,1,10
4139,1,10
4140,1,10
4141,1,10
4142,1,10
4143,1,10
4144,1,10
4145,1,10
4146,1,10
4147,1,10
4148,1,10
4149,1,10
4150,1,10
4151,1,10
4152,1,10
4153,1,10
4154,1,10
4155,1,10
4156,1,10
4157,1,10
4158,1,10
4159,1,10
4160,1,10
4161,1,10
4162,1,10
4163,1,10
4164,1,10
4165,1,10
4166,1,10
4167,1,10
4168,1,10
4169,1,10
4170,1,10
4171,1,10
4172,1,10
4173,1,10
4174,1,10
4175,1,16
4176,1,10
4177,1,10
4178,1,10
4179,1,10
4180,1,10
4181,1,10
4182,1,10
4183,1,10
4184,1,10
4185,1,10
4186,1,10
4187,1,10
4188,1,10
4189,1,10
4190,1,10
4191,1,10
4192,1,10
4193,1,10
4194,1,22
4195,1,10
4196,1,10
4197,1,10
4198,1,10
4199,1,10
4200,1,10
4201,1,10
4202,1,10
4203,1,10
4204,1,10
4205,1,10
4206,1,10
4207,1,10
4208,1,10
4209,1,10
4210,1,10
4211,1,10
4212,1,10
4213,1,10
4214,1,10
4215,1,10
4216,1,10
4217,1,10
4218,1,10
4219,1,10
4220,1,10
4221,1,12
4222,1,10
4223,1,10
4224,1,10
4225,1,10
4226,1,10
4227,1,10
4228,1,10
4229,1,10
4230,1,10
4231,1,10
4232,1,10
4233,1,10
4234,1,10
4235,1,10
4236,1,10
4237,1,10
4238,1,10
4239,1,10
4240,1,10
4241,1,10
4242,1,10
4243,1,10
4244,1,10
4245,1,10
4246,1,19
4247,1,16
4248,1,18
4249,1,17
4250,1,17
4251,1,27
4252,1,19
4253,1,20
4254,1,20
4255,1,22
4256,1,23
4257,1,20
4258,1,20
4259,1,19
4260,1,20
4261,1,19
4262,1,19
4263,1,19
4264,1,22
4265,1,16
4266,1,19
4267,1,19
4268,1,20
4269,1,28
4270,1,20
4271,1,19
4272,1,19
4273,1,20
4274,1,20
4275,1,20
4276,1,20
4277,1,19
4278,1,19
4279,1,19
4280,1,19
4281,1,20
4282,1,20
4283,1,19
4284,1,19
4285,1,20
4286,1,19
4287,1,19
4288,1,19
4289,1,19
4290,1,20
4291,1,19
4292,1,20
4293,1,20
4294,1,20
4295,1,20
4296,1,20
4297,1,20
4298,1,20
4299,1,19
4300,1,19
4301,1,19
4302,1,11
4303,1,10
4304,1,10
4305,1,10
4306,1,10
4307,1,10
4308,1,10
4309,1,10
4310,1,10
4311,1,10
4312,1,10
4313,1,10
4314,1,10
4315,1,10
4316,1,10
4317,1,10
4318,1,10
4319,1,10
4320,1,10
4321,1,10
4322,1,10
4323,1,10
4324,1,10
4325,1,10
4326,1,10
4327,1,10
4328,1,10
4329,1,10
4330,1,10
4331,1,10
4332,1,10
4333,1,10
4334,1,10
4335,1,10
4336,1,10
4337,1,10
4338,1,10
4339,1,10
4340,1,10
4341,1,10
4342,1,10
4343,1,10
4344,1,10
4345,1,10
4346,1,10
4347,1,10
4348,1,10
4349,1,10
4350,1,10
4351,1,10
4352,1,10
4353,1,10
4354,1,10
4355,1,10
4356,1,10
4357,1,10
4358,1,10
4359,1,10
4360,1,10
4361,1,10
4362,1,10
4363,1,10
4364,1,10
4365,1,10
4366,1,10
4367,1,10
4368,1,10
4369,1,10
4370,1,10
4371,1,10
4372,1,10
4373,1,10
4374,1,10
4375,1,10
4376,1,10
4377,1,10
4378,1,10
4379,1,10
4380,1,10
4381,1,10
4382,1,10
4383,1,10
4384,1,10
4385,1,10
4386,1,10
4387,1,10
4388,1,10
4389,1,10
4390,1,10
4391,1,10
4392,1,10
4393,1,10
4394,1,10
4395,1,10
4396,1,10
4397,1,10
4398,1,10
4399,1,10
4400,1,10
4401,1,10
4402,1,10
4403,1,10
4404,1,10
4405,1,10
4406,1,10
4407,1,10
4408,1,10
4409,1,10
4410,1,10
4411,1,10
4412,1,10
4413,1,10
4414,1,10
4415,1,10
4416,1,10
4417,1,10
4418,1,10
4419,1,10
4420,1,10
4421,1,10
4422,1,10
4423,1,10
4424,1,10
4425,1,10
4426,1,10
4427,1,10
4428,1,10
4429,1,10
4430,1,10
4431,1,10
4432,1,10
4433,1,10
4434,1,10
4435,1,10
4436,1,10
4437,1,10
4438,1,10
4439,1,10
4440,1,10
4441,1,10
4442,1,10
4443,1,10
4444,1,10
4445,1,10
4446,1,10
4447,1,10
4448,1,10
4449,1,10
4450,1,10
4451,1,10
4452,1,10
4453,1,15
4454,1,15
4455,1,10
4456,1,10
4457,1,10
4458,1,10
4459,1,10
4460,1,10
4461,1,10
4462,1,10
4463,1,10
4464,1,10
4465,1,10
4466,1,10
4467,1,10
4468,1,10
4469,1,10
4470,1,10
4471,1,10
4472,1,10
4473,1,10
4474,1,10
4475,1,10
4476,1,10
4477,1,10
4478,1,10
4479,1,10
4480,1,10
4481,1,10
4482,1,10
4483,1,10
4484,1,10
4485,1,10
4486,1,10
4487,1,10
4488,1,10
4489,1,10
4490,1,10
4491,1,10
4492,1,10
4493,1,10
4494,1,10
4495,1,10
4496,1,10
4497,1,10
4498,1,10
4499,1,10
4500,1,10
4501,1,10
4502,1,10
4503,1,10
4504,1,10
4505,1,10
4506,1,10
4507,1,10
4508,1,10
4509,1,10
4510,1,10
4511,1,10
4512,1,10
4513,1,10
4514,1,10
4515,1,10
4516,1,10
4517,1,10
4518,1,10
4519,1,10
4520,1,10
4521,1,10
4522,1,10
4523,1,10
4524,1,10
4525,1,10
4526,1,10
4527,1,10
4528,1,16
4529,1,16
4530,1,17
4531,1,17
4532,1,16
4533,1,16
4534,1,19
4535,1,16
4536,1,16
4537,1,17
4538,1,16
4539,1,17
4540,1,18
4541,1,15
4542,1,16
4543,1,16
4544,1,17
4545,1,17
4546,1,16
4547,1,17
4548,1,18
4549,1,17
4550,1,17
4551,1,18
4552,1,17
4553,1,18
4554,1,18
4555,1,17
4556,1,17
4557,1,18
4558,1,18
4559,1,18
4560,1,17
4561,1,16
4562,1,18
4563,1,17
4564,1,16
4565,1,17
4566,1,20
4567,1,16
4568,1,25
4569,1,16
4570,1,13
4571,1,10
4572,1,10
4573,1,10
4574,1,10
4575,1,10
4576,1,10
4577,1,10
4578,1,10
4579,1,10
4580,1,10
4581,1,10
4582,1,10
4583,1,10
4584,1,10
4585,1,10
4586,1,10
4587,1,10
4588,1,10
4589,1,10
4590,1,10
4591,1,16
4592,1,17
4593,1,12
4594,1,10
4595,1,10
4596,1,10
4597,1,10
4598,1,10
4599,1,10
4600,1,10
4601,1,10
4602,1,10
4603,1,10
4604,1,10
4605,1,10
4606,1,10
4607,1,10
4608,1,10
4609,1,10
4610,1,10
4611,1,10
4612,1,10
4613,1,10
4614,1,10
4615,1,10
4616,1,10
4617,1,11
4618,1,10
4619,1,10
4620,1,10
4621,1,10
4622,1,10
4623,1,10
4624,1,10
4625,1,10
4626,1,10
4627,1,10
4628,1,10
4629,1,10
4630,1,10
4631,1,10
4632,1,10
4633,1,10
4634,1,10
4635,1,10
4636,1,10
4637,1,10
4638,1,10
4639,1,10
4640,1,10
4641,1,10
4642,1,10
4643,1,10
4644,1,10
4645,1,10
4646,1,10
4647,1,10
4648,1,10
4649,1,10
4650,1,10
4651,1,10
4652,1,10
4653,1,10
4654,1,10
4655,1,10
4656,1,10
4657,1,10
4658,1,10
4659,1,10
4660,1,10
4661,1,10
4662,1,10
4663,1,10
4664,1,10
4665,1,10
4666,1,10
4667,1,10
4668,1,10
4669,1,10
4670,1,10
4671,1,10
4672,1,10
4673,1,10
4674,1,10
4675,1,10
4676,1,10
4677,1,10
4678,1,10
4679,1,18
4680,1,10
4681,1,10
4682,1,10
4683,1,10
4684,1,10
4685,1,10
4686,1,10
4687,1,10
4688,1,10
4689,1,10
4690,1,10
4691,1,10
4692,1,10
4693,1,10
4694,1,10
4695,1,10
4696,1,10
4697,1,10
4698,1,10
4699,1,10
4700,1,10
4701,1,10
4702,1,10
4703,1,10
4704,1,10
4705,1,10
4706,1,10
4707,1,10
4708,1,10
4709,1,10
4710,1,11
4711,1,10
4712,1,10
4713,1,10
4714,1,10
4715,1,10
4716,1,10
4717,1,10
4718,1,10
4719,1,10
4720,1,10
4721,1,10
4722,1,10
4723,1,10
4724,1,10
4725,1,10
4726,1,10
4727,1,10
4728,1,10
4729,1,10
4730,1,10
4731,1,10
4732,1,10
4733,1,10
4734,1,10
4735,1,10
4736,1,10
4737,1,10
4738,1,10
4739,1,10
4740,1,10
4741,1,10
4742,1,10
4743,1,10
4744,1,10
4745,1,10
4746,1,10
4747,1,10
4748,1,10
4749,1,10
4750,1,10
4751,1,10
4752,1,10
4753,1,17
4754,1,10
4755,1,10
4756,1,10
4757,1,10
4758,1,10
4759,1,10
4760,1,10
4761,1,10
4762,1,10
4763,1,10
4764,1,10
4765,1,10
4766,1,10
4767,1,10
4768,1,10
4769,1,10
4770,1,10
4771,1,10
4772,1,10
4773,1,10
4774,1,10
4775,1,10
4776,1,10
4777,1,10
4778,1,10
4779,1,10
4780,1,10
4781,1,10
4782,1,10
4783,1,10
4784,1,10
4785,1,10
4786,1,10
4787,1,10
4788,1,10
4789,1,10
4790,1,10
4791,1,10
4792,1,10
4793,1,10
4794,1,10
4795,1,10
4796,1,10
4797,1,10
4798,1,10
4799,1,10
4800,1,10
4801,1,10
4802,1,10
4803,1,10
4804,1,10
4805,1,10
4806,1,10
4807,1,10
4808,1,10
4809,1,10
4810,1,10
4811,1,10
4812,1,10
4813,1,10
4814,1,10
4815,1,10
4816,1,10
4817,1,10
4818,1,10
4819,1,10
4820,1,10
4821,1,10
4822,1,10
4823,1,10
4824,1,10
4825,1,10
4826,1,10
4827,1,10
4828,1,10
4829,1,10
4830,1,10
4831,1,10
4832,1,10
4833,1,10
4834,1,10
4835,1,10
4836,1,10
4837,1,10
4838,1,10
4839,1,10
4840,1,10
4841,1,10
4842,1,10
4843,1,10
4844,1,10
4845,1,10
4846,1,10
4847,1,10
4848,1,10
4849,1,10
4850,1,10
4851,1,10
4852,1,10
4853,1,10
4854,1,10
4855,1,10
4856,1,10
4857,1,10
4858,1,10
4859,1,10
4860,1,10
4861,1,10
4862,1,10
4863,1,10
4864,1,10
4865,1,10
4866,1,10
4867,1,10
4868,1,10
4869,1,10
4870,1,10
4871,1,10
4872,1,10
4873,1,10
4874,1,10
4875,1,10
4876,1,10
4877,1,10
4878,1,10
4879,1,10
4880,1,10
4881,1,10
4882,1,10
4883,1,10
4884,1,10
4885,1,10
4886,1,10
4887,1,10
4888,1,10
4889,1,10
4890,1,10
4891,1,9
4892,1,10
4893,1,10
4894,1,10
4895,1,10
4896,1,10
4897,1,10
4898,1,10
4899,1,10
4900,1,10
4901,1,10
4902,1,10
4903,1,10
4904,1,10
4905,1,10
4906,1,10
4907,1,10
4908,1,10
4909,1,10
4910,1,10
4911,1,10
4912,1,10
4913,1,10
4914,1,10
4915,1,10
4916,1,10
4917,1,10
4918,1,10
4919,1,10
4920,1,10
4921,1,10
4922,1,10
4923,1,10
4924,1,10
4925,1,10
4926,1,10
4927,1,10
4928,1,10
4929,1,10
4930,1,10
4931,1,10
4932,1,10
4933,1,10
4934,1,10
4935,1,10
4936,1,10
4937,1,10
4938,1,10
4939,1,10
4940,1,10
4941,1,10
4942,1,10
4943,1,10
4944,1,10
4945,1,10
4946,1,10
4947,1,10
4948,1,10
4949,1,10
4950,1,10
4951,1,10
4952,1,10
4953,1,10
4954,1,10
4955,1,10
4956,1,10
4957,1,10
4958,1,10
4959,1,10
4960,1,10
4961,1,10
4962,1,10
4963,1,10
4964,1,10
4965,1,10
4966,1,10
4967,1,10
4968,1,10
4969,1,10
4970,1,10
4971,1,10
4972,1,10
4973,1,10
4974,1,10
4975,1,10
4976,1,10
4977,1,10
4978,1,10
4979,1,10
4980,1,10
4981,1,10
4982,1,10
4983,1,10
4984,1,10
4985,1,10
4986,1,10
4987,1,10
4988,1,10
4989,1,10
4990,1,10
4991,1,10
4992,1,10
4993,1,10
4994,1,10
4995,1,10
4996,1,10
4997,1,10
4998,1,10
4999,1,10
5000,1,10
5001,1,10
5002,1,10
5003,1,10
5004,1,10
5005,1,10
5006,1,10
5007,1,10
5008,1,10
5009,1,10
5010,1,10
5011,1,10
5012,1,10
5013,1,10
5014,1,10
5015,1,10
5016,1,10
5017,1,10
5018,1,10
5019,1,10
5020,1,10
5021,1,10
5022,1,10
5023,1,10
5024,1,10
5025,1,10
5026,1,10
5027,1,10
5028,1,10
5029,1,10
5030,1,10
5031,1,10
5032,1,10
5033,1,10
5034,1,9
5035,1,10
5036,1,10
5037,1,10
5038,1,10
5039,1,10
5040,1,10
5041,1,10
5042,1,10
5043,1,10
5044,1,10
5045,1,10
5046,1,10
5047,1,10
5048,1,10
5049,1,10
5050,1,10
5051,1,10
5052,1,10
5053,1,10
5054,1,10
5055,1,10
5056,1,10
5057,1,10
5058,1,10
5059,1,10
5060,1,10
5061,1,10
5062,1,10
5063,1,10
5064,1,10
5065,1,17
5066,1,15
5067,1,15
5068,1,17
5069,1,15
5070,1,17
5071,1,19
5072,1,16
5073,1,15
5074,1,17
5075,1,18
5076,1,20
5077,1,23
5078,1,22
5079,1,20
5080,1,19
5081,1,19
5082,1,19
5083,1,19
5084,1,19
5085,1,19
5086,1,19
5087,1,18
5088,1,18
5089,1,20
5090,1,20
5091,1,19
5092,1,18
5093,1,20
5094,1,20
5095,1,20
5096,1,19
5097,1,20
5098,1,20
5099,1,19
5100,1,19
5101,1,19
5102,1,20
5103,1,19
5104,1,19
5105,1,19
5106,1,19
5107,1,19
5108,1,19
5109,1,19
5110,1,20
5111,1,20
5112,1,19
5113,1,20
5114,1,20
5115,1,19
5116,1,20
5117,1,20
5118,1,20
5119,1,20
5120,1,19
5121,1,18
5122,1,15
5123,1,18
5124,1,15
5125,1,15
5126,1,15
5127,1,17
5128,1,14
5129,1,16
5130,1,15
5131,1,15
5132,1,16
5133,1,16
5134,1,16
5135,1,16
5136,1,14
5137,1,16
5138,1,15
5139,1,14
5140,1,15
5141,1,15
5142,1,15
5143,1,15
5144,1,15
5145,1,15
5146,1,16
5147,1,15
5148,1,15
5149,1,15
5150,1,14
5151,1,15
5152,1,17
5153,1,16
5154,1,16
5155,1,16
5156,1,16
5157,1,16
5158,1,17
5159,1,16
5160,1,15
5161,1,15
5162,1,16
5163,1,15
5164,1,16
5165,1,15
5166,1,15
5167,1,15
5168,1,16
5169,1,17
5170,1,18
5171,1,16
5172,1,16
5173,1,15
5174,1,16
5175,1,16
5176,1,15
5177,1,17
5178,1,17
5179,1,18
5180,1,16
5181,1,14
5182,1,15
5183,1,16
5184,1,16
5185,1,15
5186,1,15
5187,1,15
5188,1,15
5189,1,18
5190,1,17
5191,1,19
5192,1,15
5193,1,16
5194,1,15
5195,1,16
5196,1,17
5197,1,16
5198,1,17
5199,1,16
5200,1,16
5201,1,17
5202,1,16
5203,1,17
5204,1,18
5205,1,16
5206,1,17
5207,1,16
5208,1,17
5209,1,16
5210,1,15
5211,1,15
5212,1,16
5213,1,15
5214,1,15
5215,1,18
5216,1,17
5217,1,17
5218,1,18
5219,1,17
5220,1,16
5221,1,16
5222,1,17
5223,1,16
5224,1,15
5225,1,16
5226,1,16
5227,1,14
5228,1,18
5229,1,18
5230,1,14
5231,1,15
5232,1,15
5233,1,14
5234,1,15
5235,1,15
5236,1,14
5237,1,20
5238,1,16
5239,1,16
5240,1,17
5241,1,17
5242,1,17
5243,1,17
5244,1,16
5245,1,16
5246,1,15
5247,1,15
5248,1,16
5249,1,17
5250,1,17
5251,1,17
5252,1,16
5253,1,16
5254,1,15
5255,1,16
5256,1,16
5257,1,17
5258,1,18
5259,1,18
5260,1,16
5261,1,16
5262,1,16
5263,1,15
5264,1,15
5265,1,16
5266,1,20
5267,1,16
5268,1,14
5269,1,15
5270,1,15
5271,1,15
5272,1,14
5273,1,14
5274,1,14
5275,1,21
5276,1,14
5277,1,14
5278,1,14
5279,1,14
5280,1,14
5281,1,24
5282,1,15
5283,1,14
5284,1,15
5285,1,14
5286,1,16
5287,1,14
5288,1,14
5289,1,14
5290,1,15
5291,1,15
5292,1,14
5293,1,15
5294,1,14
5295,1,14
5296,1,14
5297,1,15
5298,1,15
5299,1,14
5300,1,14
5301,1,15
5302,1,14
5303,1,14
5304,1,14
5305,1,15
5306,1,14
5307,1,15
5308,1,15
5309,1,15
5310,1,14
5311,1,14
5312,1,15
5313,1,15
5314,1,14
5315,1,14
5316,1,14
5317,1,14
5318,1,14
5319,1,14
5320,1,14
5321,1,14
5322,1,14
5323,1,14
5324,1,14
5325,1,14
5326,1,15
5327,1,14
5328,1,14
5329,1,14
5330,1,15
5331,1,14
5332,1,14
5333,1,14
5334,1,15
5335,1,14
5336,1,14
5337,1,15
5338,1,14
5339,1,14
5340,1,14
5341,1,14
5342,1,15
5343,1,15
5344,1,14
5345,1,14
5346,1,14
5347,1,14
5348,1,14
5349,1,14
5350,1,14
5351,1,14
5352,1,14
5353,1,14
5354,1,15
5355,1,14
5356,1,14
5357,1,14
5358,1,14
5359,1,14
5360,1,15
5361,1,14
5362,1,14
5363,1,14
5364,1,14
5365,1,14
5366,1,14
5367,1,14
5368,1,14
5369,1,15
5370,1,14
5371,1,14
5372,1,14
5373,1,14
5374,1,15
5375,1,14
5376,1,14
5377,1,14
5378,1,14
5379,1,14
5380,1,14
5381,1,15
5382,1,15
5383,1,15
5384,1,15
5385,1,17
5386,1,16
5387,1,16
5388,1,15
5389,1,15
5390,1,17
5391,1,18
5392,1,16
5393,1,18
5394,1,17
5395,1,20
5396,1,19
5397,1,17
5398,1,17
5399,1,18
5400,1,17
5401,1,19
5402,1,19
5403,1,19
5404,1,19
5405,1,20
5406,1,21
5407,1,20
5408,1,19
5409,1,18
5410,1,20
5411,1,20
5412,1,21
5413,1,19
5414,1,18
5415,1,19
5416,1,20
5417,1,19
5418,1,19
5419,1,19
5420,1,20
5421,1,20
5422,1,20
5423,1,20
5424,1,19
5425,1,19
5426,1,16
5427,1,15
5428,1,17
5429,1,18
5430,1,17
5431,1,19
5432,1,18
5433,1,17
5434,1,17
5435,1,20
5436,1,17
5437,1,18
5438,1,18
5439,1,19
5440,1,18
5441,1,19
5442,1,19
5443,1,19
5444,1,20
5445,1,20
5446,1,19
5447,1,19
5448,1,20
5449,1,19
5450,1,20
5451,1,19
5452,1,18
5453,1,19
5454,1,20
5455,1,19
5456,1,21
5457,1,19
5458,1,19
5459,1,19
5460,1,19
5461,1,19
5462,1,19
5463,1,17
5464,1,23
5465,1,16
5466,1,18
5467,1,18
5468,1,18
5469,1,18
5470,1,19
5471,1,19
5472,1,19
5473,1,19
5474,1,19
5475,1,20
5476,1,20
5477,1,20
5478,1,20
5479,1,21
5480,1,20
5481,1,20
5482,1,19
5483,1,18
5484,1,18
5485,1,17
5486,1,22
5487,1,18
5488,1,17
5489,1,17
5490,1,18
5491,1,18
5492,1,18
5493,1,18
5494,1,18
5495,1,19
5496,1,19
5497,1,19
5498,1,18
5499,1,19
5500,1,19
5501,1,21
5502,1,19
5503,1,20
5504,1,20
5505,1,19
5506,1,19
5507,1,20
5508,1,18
5509,1,19
5510,1,19
5511,1,19
5512,1,19
5513,1,20
5514,1,19
5515,1,20
5516,1,20
5517,1,18
5518,1,19
5519,1,20
5520,1,19
5521,1,19
5522,1,19
5523,1,20
5524,1,19
5525,1,19
5526,1,20
5527,1,21
5528,1,19
5529,1,19
5530,1,20
5531,1,20
5532,1,18
5533,1,20
5534,1,19
5535,1,20
5536,1,20
5537,1,20
5538,1,20
5539,1,19
5540,1,20
5541,1,19
5542,1,20
5543,1,19
5544,1,19
5545,1,20
5546,1,19
5547,1,19
5548,1,20
5549,1,20
5550,1,20
5551,1,20
5552,1,19
5553,1,19
5554,1,20
5555,1,19
5556,1,20
5557,1,19
5558,1,20
5559,1,20
5560,1,19
5561,1,20
5562,1,20
5563,1,18
5564,1,20
5565,1,20
5566,1,20
5567,1,19
5568,1,20
5569,1,19
5570,1,20
5571,1,20
5572,1,19
5573,1,21
5574,1,19
5575,1,20
5576,1,23
5577,1,20
5578,1,20
5579,1,18
5580,1,19
5581,1,20
5582,1,20
5583,1,20
5584,1,20
5585,1,19
5586,1,19
5587,1,19
5588,1,20
5589,1,19
5590,1,20
5591,1,20
5592,1,20
5593,1,20
5594,1,19
5595,1,20
5596,1,20
5597,1,19
5598,1,19
5599,1,20
5600,1,20
5601,1,19
5602,1,19
5603,1,20
5604,1,20
5605,1,19
5606,1,20
5607,1,20
5608,1,19
5609,1,19
5610,1,19
5611,1,19
5612,1,20
5613,1,19
5614,1,19
5615,1,20
5616,1,20
5617,1,19
5618,1,19
5619,1,20
5620,1,20
5621,1,20
5622,1,20
5623,1,20
5624,1,20
5625,1,19
5626,1,20
5627,1,20
5628,1,19
5629,1,21
5630,1,20
5631,1,20
5632,1,20
5633,1,19
5634,1,20
5635,1,20
5636,1,20
5637,1,20
5638,1,20
5639,1,19
5640,1,19
5641,1,24
5642,1,19
5643,1,19
5644,1,19
5645,1,20
5646,1,20
5647,1,20
5648,1,20
5649,1,20
5650,1,19
5651,1,20
5652,1,24
5653,1,20
5654,1,21
5655,1,21
5656,1,19
5657,1,20
5658,1,19
5659,1,19
5660,1,19
5661,1,16
5662,1,15
5663,1,15
5664,1,15
5665,1,14
5666,1,15
5667,1,15
5668,1,15
5669,1,15
5670,1,17
5671,1,16
5672,1,17
5673,1,16
5674,1,15
5675,1,16
5676,1,17
5677,1,19
5678,1,19
5679,1,19
5680,1,20
5681,1,20
5682,1,20
5683,1,20
5684,1,19
5685,1,20
5686,1,19
5687,1,20
5688,1,20
5689,1,20
5690,1,20
5691,1,19
5692,1,21
5693,1,19
5694,1,20
5695,1,20
5696,1,20
5697,1,20
5698,1,20
5699,1,20
5700,1,20
5701,1,20
5702,1,20
5703,1,20
5704,1,19
5705,1,21
5706,1,20
5707,1,20
5708,1,20
5709,1,20
5710,1,31
5711,1,20
5712,1,20
5713,1,20
5714,1,20
5715,1,20
5716,1,20
5717,1,20
5718,1,20
5719,1,20
5720,1,19
5721,1,19
5722,1,18
5723,1,15
5724,1,15
5725,1,15
5726,1,15
5727,1,15
5728,1,15
5729,1,15
5730,1,15
5731,1,16
5732,1,16
5733,1,18
5734,1,15
5735,1,16
5736,1,16
5737,1,16
5738,1,15
5739,1,15
5740,1,14
5741,1,15
5742,1,16
5743,1,15
5744,1,15
5745,1,16
5746,1,16
5747,1,15
5748,1,15
5749,1,15
5750,1,15
5751,1,16
5752,1,15
5753,1,15
5754,1,16
5755,1,17
5756,1,15
5757,1,15
5758,1,16
5759,1,17
5760,1,15
5761,1,15
5762,1,16
5763,1,29
5764,1,17
5765,1,20
5766,1,20
5767,1,19
5768,1,19
5769,1,20
5770,1,20
5771,1,20
5772,1,20
5773,1,20
5774,1,20
5775,1,20
5776,1,20
5777,1,19
5778,1,19
5779,1,23
5780,1,20
5781,1,20
5782,1,19
5783,1,19
5784,1,18
5785,1,20
5786,1,19
5787,1,21
5788,1,19
5789,1,20
5790,1,19
5791,1,19
5792,1,20
5793,1,20
5794,1,19
5795,1,20
5796,1,19
5797,1,19
5798,1,20
5799,1,20
5800,1,19
5801,1,19
5802,1,20
5803,1,20
5804,1,20
5805,1,20
5806,1,20
5807,1,19
5808,1,20
5809,1,20
5810,1,20
5811,1,20
5812,1,21
5813,1,20
5814,1,20
5815,1,20
5816,1,20
5817,1,20
5818,1,20
5819,1,19
5820,1,19
5821,1,20
5822,1,20
5823,1,20
5824,1,20
5825,1,19
5826,1,20
5827,1,20
5828,1,20
5829,1,20
5830,1,20
5831,1,20
5832,1,20
5833,1,20
5834,1,20
5835,1,20
5836,1,20
5837,1,20
5838,1,20
5839,1,19
5840,1,20
5841,1,20
5842,1,19
5843,1,20
5844,1,29
5845,1,20
5846,1,20
5847,1,20
5848,1,19
5849,1,20
5850,1,21
5851,1,29
5852,1,21
5853,1,20
5854,1,20
5855,1,21
5856,1,20
5857,1,20
5858,1,20
5859,1,20
5860,1,20
5861,1,19
5862,1,19
5863,1,19
5864,1,19
5865,1,20
5866,1,20
5867,1,20
5868,1,20
5869,1,20
5870,1,20
5871,1,19
5872,1,21
5873,1,20
5874,1,20
5875,1,20
5876,1,19
5877,1,19
5878,1,20
5879,1,19
5880,1,21
5881,1,20
5882,1,20
5883,1,20
5884,1,20
5885,1,17
5886,1,15
5887,1,15
5888,1,15
5889,1,17
5890,1,16
5891,1,15
5892,1,15
5893,1,15
5894,1,14
5895,1,16
5896,1,17
5897,1,18
5898,1,17
5899,1,17
5900,1,17
5901,1,19
5902,1,18
5903,1,19
5904,1,19
5905,1,19
5906,1,18
5907,1,20
5908,1,19
5909,1,19
5910,1,19
5911,1,19
5912,1,20
5913,1,16
5914,1,16
5915,1,20
5916,1,20
5917,1,20
5918,1,16
5919,1,19
5920,1,19
5921,1,20
5922,1,20
5923,1,20
5924,1,20
5925,1,19
5926,1,20
5927,1,19
5928,1,20
5929,1,19
5930,1,19
5931,1,19
5932,1,19
5933,1,19
5934,1,20
5935,1,19
5936,1,20
5937,1,20
5938,1,20
5939,1,19
5940,1,20
5941,1,20
5942,1,20
5943,1,20
5944,1,20
5945,1,20
5946,1,20
5947,1,19
5948,1,20
5949,1,19
5950,1,20
5951,1,20
5952,1,21
5953,1,19
5954,1,20
5955,1,19
5956,1,19
5957,1,19
5958,1,19
5959,1,19
5960,1,20
5961,1,20
5962,1,20
5963,1,20
5964,1,19
5965,1,19
5966,1,20
5967,1,20
5968,1,19
5969,1,19
5970,1,20
5971,1,20
5972,1,19
5973,1,19
5974,1,20
5975,1,19
5976,1,20
5977,1,30
5978,1,20
5979,1,20
5980,1,20
5981,1,19
5982,1,19
5983,1,20
5984,1,20
5985,1,20
5986,1,20
5987,1,20
5988,1,19
5989,1,19
5990,1,20
5991,1,20
5992,1,19
5993,1,19
5994,1,19
5995,1,20
5996,1,19
5997,1,19
5998,1,19
5999,1,19
6000,1,19
6001,1,19
6002,1,20
6003,1,19
6004,1,19
6005,1,20
6006,1,20
6007,1,20
6008,1,20
6009,1,20
6010,1,20
6011,1,20
6012,1,20
6013,1,20
6014,1,20
6015,1,19
6016,1,20
6017,1,20
6018,1,27
6019,1,16
6020,1,15
6021,1,16
6022,1,16
6023,1,17
6024,1,16
6025,1,20
6026,1,23
6027,1,22
6028,1,27
6029,1,20
6030,1,19
6031,1,19
6032,1,20
6033,1,20
6034,1,20
6035,1,61
6036,1,20
6037,1,20
6038,1,213
6039,1,21
6040,1,170
6041,1,20
6042,1,20
6043,1,218
6044,1,21
6045,1,20
6046,1,20
6047,1,21
6048,1,20
6049,1,21
6050,1,21
6051,1,21
6052,1,19
6053,1,22
6054,1,21
6055,1,19
6056,1,21
6057,1,20
6058,1,20
6059,1,21
6060,1,20
6061,1,21
6062,1,21
6063,1,47
6064,1,20
6065,1,20
6066,1,20
6067,1,170
6068,1,19
6069,1,20
6070,1,234
6071,1,20
6072,1,20
6073,1,21
6074,1,21
6075,1,20
6076,1,21
6077,1,21
6078,1,20
6079,1,18
6080,1,18
6081,1,16
6082,1,21
6083,1,22
6084,1,19
6085,1,19
6086,1,19
6087,1,20
6088,1,21
6089,1,37
6090,1,24
6091,1,20
6092,1,20
6093,1,19
6094,1,170
6095,1,20
6096,1,166
6097,1,19
6098,1,19
6099,1,20
6100,1,21
6101,1,21
6102,1,21
6103,1,20
6104,1,21
6105,1,17
6106,1,21
6107,1,21
6108,1,21
6109,1,19
6110,1,21
6111,1,19
6112,1,21
6113,1,20
6114,1,20
6115,1,20
6116,1,20
6117,1,21
6118,1,20
6119,1,20
6120,1,31
6121,1,20
6122,1,21
6123,1,20
6124,1,189
6125,1,19
6126,1,205
6127,1,21
6128,1,21
6129,1,20
6130,1,21
6131,1,20
6132,1,21
6133,1,20
6134,1,20
6135,1,17
6136,1,17
6137,1,17
6138,1,21
6139,1,18
6140,1,20
6141,1,18
6142,1,20
6143,1,21
6144,1,20
6145,1,46
6146,1,20
6147,1,20
6148,1,20
6149,1,309
6150,1,20
6151,1,20
6152,1,20
6153,1,20
6154,1,22
6155,1,20
6156,1,21
6157,1,20
6158,1,20
6159,1,21
6160,1,21
6161,1,20
6162,1,19
6163,1,19
6164,1,20
6165,1,20
6166,1,21
6167,1,20
6168,1,21
6169,1,21
6170,1,21
6171,1,20
6172,1,46
6173,1,18
6174,1,20
6175,1,17
6176,1,163
6177,1,16
6178,1,16
6179,1,18
6180,1,302
6181,1,21
6182,1,20
6183,1,21
6184,1,20
6185,1,21
6186,1,21
6187,1,20
6188,1,20
6189,1,16
6190,1,16
6191,1,17
6192,1,20
6193,1,18
6194,1,18
6195,1,20
6196,1,20
6197,1,20
6198,1,44
6199,1,20
6200,1,20
6201,1,20
6202,1,342
6203,1,21
6204,1,233
6205,1,17
6206,1,17
6207,1,650
6208,1,32
6209,1,181
6210,1,20
6211,1,20
6212,1,673
6213,1,18
6214,1,15
6215,1,229
6216,1,20
6217,1,19
6218,1,171
6219,1,18
6220,1,17
6221,1,637
6222,1,22
6223,1,21
6224,1,20
6225,1,20
6226,1,20
6227,1,440
6228,1,19
6229,1,15
6230,1,14
6231,1,14
6232,1,16
6233,1,18
6234,1,19
6235,1,17
6236,1,15
6237,1,25
6238,1,16
6239,1,15
6240,1,16
6241,1,18
6242,1,18
6243,1,19
6244,1,19
6245,1,18
6246,1,15
6247,1,18
6248,1,16
6249,1,17
6250,1,18
6251,1,19
6252,1,18
6253,1,18
6254,1,20
6255,1,18
6256,1,19
6257,1,20
6258,1,16
6259,1,19
6260,1,23
6261,1,19
6262,1,18
6263,1,19
6264,1,19
6265,1,18
6266,1,16
6267,1,18
6268,1,17
6269,1,15
6270,1,15
6271,1,15
6272,1,16
6273,1,18
6274,1,18
6275,1,16
6276,1,15
6277,1,16
6278,1,16
6279,1,18
6280,1,17
6281,1,17
6282,1,15
6283,1,15
6284,1,14
6285,1,17
6286,1,18
6287,1,17
6288,1,18
6289,1,18
6290,1,18
6291,1,17
6292,1,16
6293,1,15
6294,1,16
6295,1,16
6296,1,18
6297,1,17
6298,1,15
6299,1,14
6300,1,14
6301,1,15
6302,1,14
6303,1,15
6304,1,15
6305,1,14
6306,1,16
6307,1,16
6308,1,16
6309,1,16
6310,1,17
6311,1,17
6312,1,18
6313,1,16
6314,1,16
6315,1,16
6316,1,16
6317,1,17
6318,1,16
6319,1,15
6320,1,17
6321,1,15
6322,1,16
6323,1,15
6324,1,16
6325,1,15
6326,1,15
6327,1,15
6328,1,16
6329,1,15
6330,1,16
6331,1,15
6332,1,16
6333,1,15
6334,1,15
6335,1,15
6336,1,17
6337,1,16
6338,1,15
6339,1,16
6340,1,16
6341,1,18
6342,1,20
6343,1,19
6344,1,19
6345,1,21
6346,1,20
6347,1,20
6348,1,20
6349,1,19
6350,1,19
6351,1,20
6352,1,19
6353,1,19
6354,1,19
6355,1,19
6356,1,19
6357,1,20
6358,1,19
6359,1,19
6360,1,19
6361,1,20
6362,1,19
6363,1,20
6364,1,19
6365,1,20
6366,1,19
6367,1,20
6368,1,19
6369,1,19
6370,1,20
6371,1,19
6372,1,20
6373,1,19
6374,1,19
6375,1,20
6376,1,19
6377,1,20
6378,1,20
6379,1,19
6380,1,19
6381,1,19
6382,1,20
6383,1,19
6384,1,20
6385,1,19
6386,1,19
6387,1,19
6388,1,15
6389,1,18
6390,1,16
6391,1,14
6392,1,15
6393,1,15
6394,1,16
6395,1,18
6396,1,17
6397,1,17
6398,1,18
6399,1,17
6400,1,16
6401,1,17
6402,1,17
6403,1,17
6404,1,18
6405,1,17
6406,1,17
6407,1,17
6408,1,17
6409,1,16
6410,1,18
6411,1,17
6412,1,17
6413,1,17
6414,1,17
6415,1,17
6416,1,18
6417,1,19
6418,1,17
6419,1,17
6420,1,16
6421,1,18
6422,1,17
6423,1,17
6424,1,16
6425,1,17
6426,1,18
6427,1,18
6428,1,17
6429,1,17
6430,1,17
6431,1,17
6432,1,19
6433,1,17
6434,1,17
6435,1,17
6436,1,17
6437,1,17
6438,1,16
6439,1,16
6440,1,18
6441,1,15
6442,1,15
6443,1,14
6444,1,14
6445,1,16
6446,1,18
6447,1,17
6448,1,19
6449,1,17
6450,1,16
6451,1,18
6452,1,16
6453,1,17
6454,1,18
6455,1,19
6456,1,19
6457,1,20
6458,1,29
6459,1,20
6460,1,21
6461,1,20
6462,1,19
6463,1,20
6464,1,20
6465,1,19
6466,1,20
6467,1,17
6468,1,16
6469,1,19
6470,1,18
6471,1,16
6472,1,18
6473,1,15
6474,1,15
6475,1,16
6476,1,17
6477,1,15
6478,1,17
6479,1,18
6480,1,17
6481,1,15
6482,1,15
6483,1,15
6484,1,15
6485,1,19
6486,1,17
6487,1,17
6488,1,15
6489,1,17
6490,1,17
6491,1,17
6492,1,16
6493,1,16
6494,1,15
6495,1,16
6496,1,16
6497,1,16
6498,1,17
6499,1,16
6500,1,16
6501,1,16
6502,1,15
6503,1,16
6504,1,17
6505,1,19
6506,1,20
6507,1,20
6508,1,20
6509,1,20
6510,1,20
6511,1,19
6512,1,20
6513,1,21
6514,1,20
6515,1,20
6516,1,20
6517,1,20
6518,1,19
6519,1,20
6520,1,20
6521,1,20
6522,1,20
6523,1,20
6524,1,20
6525,1,19
6526,1,20
6527,1,20
6528,1,20
6529,1,19
6530,1,20
6531,1,20
6532,1,20
6533,1,21
6534,1,20
6535,1,19
6536,1,20
6537,1,19
6538,1,19
6539,1,19
6540,1,19
6541,1,20
6542,1,20
6543,1,19
6544,1,20
6545,1,20
6546,1,20
6547,1,20
6548,1,20
6549,1,19
6550,1,20
6551,1,19
6552,1,19
6553,1,20
6554,1,19
6555,1,31
6556,1,19
6557,1,19
6558,1,19
6559,1,20
6560,1,19
6561,1,19
6562,1,19
6563,1,20
6564,1,20
6565,1,23
6566,1,19
6567,1,19
6568,1,21
6569,1,20
6570,1,20
6571,1,20
6572,1,20
6573,1,20
6574,1,20
6575,1,20
6576,1,20
6577,1,20
6578,1,20
6579,1,20
6580,1,20
6581,1,20
6582,1,20
6583,1,20
6584,1,20
6585,1,19
6586,1,20
6587,1,20
6588,1,20
6589,1,20
6590,1,20
6591,1,20
6592,1,20
6593,1,20
6594,1,20
6595,1,20
6596,1,20
6597,1,20
6598,1,20
6599,1,20
6600,1,20
6601,1,20
6602,1,20
6603,1,20
6604,1,20
6605,1,19
6606,1,19
6607,1,20
6608,1,20
6609,1,20
6610,1,20
6611,1,20
6612,1,19
6613,1,20
6614,1,20
6615,1,20
6616,1,20
6617,1,20
6618,1,20
6619,1,20
6620,1,19
6621,1,20
6622,1,20
6623,1,20
6624,1,20
6625,1,20
6626,1,20
6627,1,20
6628,1,20
6629,1,20
6630,1,20
6631,1,20
6632,1,19
6633,1,20
6634,1,20
6635,1,20
6636,1,20
6637,1,18
6638,1,20
6639,1,20
6640,1,20
6641,1,21
6642,1,20
6643,1,20
6644,1,20
6645,1,20
6646,1,20
6647,1,20
6648,1,20
6649,1,20
6650,1,20
6651,1,20
6652,1,20
6653,1,20
6654,1,20
6655,1,20
6656,1,20
6657,1,20
6658,1,23
6659,1,20
6660,1,20
6661,1,20
6662,1,20
6663,1,20
6664,1,20
6665,1,20
6666,1,20
6667,1,20
6668,1,20
6669,1,20
6670,1,20
6671,1,20
6672,1,20
6673,1,20
6674,1,20
6675,1,19
6676,1,20
6677,1,20
6678,1,20
6679,1,20
6680,1,20
6681,1,20
6682,1,20
6683,1,20
6684,1,20
6685,1,20
6686,1,20
6687,1,20
6688,1,20
6689,1,20
6690,1,20
6691,1,20
6692,1,20
6693,1,20
6694,1,20
6695,1,20
6696,1,20
6697,1,20
6698,1,20
6699,1,20
6700,1,20
6701,1,20
6702,1,18
6703,1,14
6704,1,15
6705,1,14
6706,1,15
6707,1,16
6708,1,15
6709,1,15
6710,1,14
6711,1,18
6712,1,17
6713,1,16
6714,1,16
6715,1,15
6716,1,15
6717,1,26
6718,1,16
6719,1,18
6720,1,19
6721,1,19
6722,1,19
6723,1,19
6724,1,17
6725,1,20
6726,1,19
6727,1,19
6728,1,19
6729,1,18
6730,1,18
6731,1,20
6732,1,17
6733,1,18
6734,1,20
6735,1,20
6736,1,20
6737,1,15
6738,1,18
6739,1,18
6740,1,20
6741,1,19
6742,1,20
6743,1,20
6744,1,20
6745,1,17
6746,1,15
6747,1,16
6748,1,20
6749,1,17
6750,1,16
6751,1,15
6752,1,15
6753,1,14
6754,1,16
6755,1,16
6756,1,15
6757,1,16
6758,1,17
6759,1,16
6760,1,16
6761,1,14
6762,1,16
6763,1,16
6764,1,18
6765,1,17
6766,1,17
6767,1,17
6768,1,17
6769,1,17
6770,1,16
6771,1,19
6772,1,19
6773,1,20
6774,1,19
6775,1,20
6776,1,19
6777,1,27
6778,1,19
6779,1,19
6780,1,20
6781,1,17
6782,1,19
6783,1,19
6784,1,20
6785,1,17
6786,1,20
6787,1,19
6788,1,20
6789,1,20
6790,1,20
6791,1,20
6792,1,18
6793,1,20
6794,1,20
6795,1,19
6796,1,20
6797,1,20
6798,1,20
6799,1,19
6800,1,20
6801,1,19
6802,1,20
6803,1,26
6804,1,20
6805,1,20
6806,1,20
6807,1,20
6808,1,20
6809,1,19
6810,1,19
6811,1,20
6812,1,20
6813,1,19
6814,1,30
6815,1,20
6816,1,19
6817,1,20
6818,1,20
6819,1,19
6820,1,20
6821,1,20
6822,1,20
6823,1,19
6824,1,20
6825,1,20
6826,1,20
6827,1,20
6828,1,20
6829,1,21
6830,1,20
6831,1,19
6832,1,19
6833,1,20
6834,1,20
6835,1,20
6836,1,20
6837,1,19
6838,1,21
6839,1,19
6840,1,19
6841,1,21
6842,1,19
6843,1,19
6844,1,19
6845,1,20
6846,1,20
6847,1,19
6848,1,20
6849,1,20
6850,1,20
6851,1,20
6852,1,20
6853,1,20
6854,1,20
6855,1,20
6856,1,20
6857,1,20
6858,1,31
6859,1,20
6860,1,20
6861,1,20
6862,1,20
6863,1,20
6864,1,20
6865,1,20
6866,1,20
6867,1,20
6868,1,20
6869,1,20
6870,1,20
6871,1,20
6872,1,20
6873,1,20
6874,1,20
6875,1,20
6876,1,20
6877,1,20
6878,1,19
6879,1,19
6880,1,20
6881,1,20
6882,1,20
6883,1,20
6884,1,20
6885,1,20
6886,1,20
6887,1,20
6888,1,20
6889,1,20
6890,1,20
6891,1,19
6892,1,20
6893,1,19
6894,1,19
6895,1,20
6896,1,20
6897,1,20
6898,1,19
6899,1,20
6900,1,20
6901,1,19
6902,1,19
6903,1,19
6904,1,30
6905,1,21
6906,1,20
6907,1,19
6908,1,20
6909,1,19
6910,1,20
6911,1,20
6912,1,18
6913,1,20
6914,1,20
6915,1,19
6916,1,19
6917,1,20
6918,1,20
6919,1,20
6920,1,20
6921,1,20
6922,1,20
6923,1,19
6924,1,20
6925,1,20
6926,1,20
6927,1,19
6928,1,19
6929,1,20
6930,1,20
6931,1,20
6932,1,19
6933,1,21
6934,1,19
6935,1,20
6936,1,20
6937,1,19
6938,1,20
6939,1,20
6940,1,19
6941,1,20
6942,1,19
6943,1,19
6944,1,20
6945,1,20
6946,1,20
6947,1,20
6948,1,20
6949,1,19
6950,1,20
6951,1,20
6952,1,20
6953,1,20
6954,1,19
6955,1,20
6956,1,20
6957,1,19
6958,1,19
6959,1,20
6960,1,20
6961,1,19
6962,1,20
6963,1,19
6964,1,20
6965,1,19
6966,1,19
6967,1,19
6968,1,19
6969,1,20
6970,1,19
6971,1,20
6972,1,20
6973,1,19
6974,1,20
6975,1,20
6976,1,19
6977,1,21
6978,1,19
6979,1,20
6980,1,20
6981,1,19
6982,1,21
6983,1,20
6984,1,19
6985,1,19
6986,1,32
6987,1,19
6988,1,19
6989,1,20
6990,1,19
6991,1,19
6992,1,20
6993,1,20
6994,1,19
6995,1,20
6996,1,20
6997,1,21
6998,1,20
6999,1,20
7000,1,21
7001,1,20
7002,1,20
7003,1,19
7004,1,20
7005,1,20
7006,1,19
7007,1,20
7008,1,20
7009,1,20
7010,1,19
7011,1,19
7012,1,20
7013,1,19
7014,1,19
7015,1,19
7016,1,20
7017,1,20
7018,1,19
7019,1,19
7020,1,21
7021,1,20
7022,1,19
7023,1,19
7024,1,21
7025,1,19
7026,1,19
7027,1,19
7028,1,19
7029,1,19
7030,1,20
7031,1,19
7032,1,20
7033,1,20
7034,1,20
7035,1,20
7036,1,20
7037,1,20
7038,1,19
7039,1,20
7040,1,20
7041,1,18
7042,1,19
7043,1,19
7044,1,20
7045,1,19
7046,1,20
7047,1,19
7048,1,19
7049,1,23
7050,1,24
7051,1,20
7052,1,20
7053,1,19
7054,1,20
7055,1,19
7056,1,25
7057,1,20
7058,1,20
7059,1,20
7060,1,20
7061,1,20
7062,1,21
7063,1,19
7064,1,20
7065,1,20
7066,1,20
7067,1,22
7068,1,20
7069,1,21
7070,1,20
7071,1,20
7072,1,20
7073,1,20
7074,1,20
7075,1,20
7076,1,20
7077,1,20
7078,1,19
7079,1,19
7080,1,19
7081,1,20
7082,1,21
7083,1,20
7084,1,31
7085,1,20
7086,1,20
7087,1,20
7088,1,21
7089,1,20
7090,1,20
7091,1,19
7092,1,19
7093,1,20
7094,1,20
7095,1,20
7096,1,20
7097,1,20
7098,1,20
7099,1,20
7100,1,20
7101,1,20
7102,1,20
7103,1,20
7104,1,20
7105,1,20
7106,1,20
7107,1,20
7108,1,21
7109,1,20
7110,1,20
7111,1,20
7112,1,20
7113,1,20
7114,1,20
7115,1,21
7116,1,20
7117,1,19
7118,1,20
7119,1,20
7120,1,21
7121,1,20
7122,1,30
7123,1,20
7124,1,19
7125,1,21
7126,1,21
7127,1,21
7128,1,20
7129,1,20
7130,1,22
7131,1,20
7132,1,20
7133,1,21
7134,1,22
7135,1,20
7136,1,20
7137,1,20
7138,1,20
7139,1,20
7140,1,19
7141,1,20
7142,1,20
7143,1,19
7144,1,20
7145,1,19
7146,1,20
7147,1,20
7148,1,19
7149,1,20
7150,1,20
7151,1,20
7152,1,20
7153,1,20
7154,1,20
7155,1,23
7156,1,20
7157,1,20
7158,1,29
7159,1,20
7160,1,20
7161,1,19
7162,1,19
7163,1,20
7164,1,20
7165,1,20
7166,1,18
7167,1,20
7168,1,19
7169,1,20
7170,1,20
7171,1,20
7172,1,20
7173,1,20
7174,1,19
7175,1,19
7176,1,19
7177,1,20
7178,1,20
7179,1,20
7180,1,20
7181,1,20
7182,1,20
7183,1,20
7184,1,20
7185,1,20
7186,1,21
7187,1,19
7188,1,20
7189,1,20
7190,1,20
7191,1,19
7192,1,20
7193,1,20
7194,1,20
7195,1,20
7196,1,20
7197,1,20
7198,1,20
7199,1,20
7200,1,20
7201,1,19
7202,1,20
7203,1,20
7204,1,20
7205,1,20
7206,1,19
7207,1,20
7208,1,19
7209,1,20
7210,1,20
7211,1,20
7212,1,20
7213,1,19
7214,1,19
7215,1,20
7216,1,19
7217,1,20
7218,1,20
7219,1,20
7220,1,20
7221,1,20
7222,1,20
7223,1,20
7224,1,21
7225,1,20
7226,1,20
7227,1,20
7228,1,20
7229,1,20
7230,1,21
7231,1,20
7232,1,20
7233,1,21
7234,1,20
7235,1,20
7236,1,21
7237,1,20
7238,1,21
7239,1,20
7240,1,21
7241,1,20
7242,1,20
7243,1,21
7244,1,20
7245,1,20
7246,1,20
7247,1,21
7248,1,20
7249,1,20
7250,1,20
7251,1,20
7252,1,20
7253,1,20
7254,1,20
7255,1,20
7256,1,20
7257,1,20
7258,1,20
7259,1,20
7260,1,21
7261,1,20
7262,1,20
7263,1,20
7264,1,20
7265,1,20
7266,1,21
7267,1,20
7268,1,20
7269,1,20
7270,1,19
7271,1,21
7272,1,20
7273,1,21
7274,1,20
7275,1,20
7276,1,20
7277,1,20
7278,1,20
7279,1,21
7280,1,19
7281,1,20
7282,1,20
7283,1,20
7284,1,20
7285,1,21
7286,1,20
7287,1,20
7288,1,21
7289,1,20
7290,1,19
7291,1,20
7292,1,20
7293,1,20
7294,1,21
7295,1,20
7296,1,21
7297,1,20
7298,1,21
7299,1,20
7300,1,20
7301,1,20
7302,1,20
7303,1,20
7304,1,19
7305,1,22
7306,1,20
7307,1,20
7308,1,20
7309,1,20
7310,1,20
7311,1,19
7312,1,21
7313,1,20
7314,1,20
7315,1,20
7316,1,20
7317,1,21
7318,1,21
7319,1,19
7320,1,21
7321,1,20
7322,1,21
7323,1,21
7324,1,20
7325,1,20
7326,1,31
7327,1,21
7328,1,21
7329,1,20
7330,1,21
7331,1,20
7332,1,21
7333,1,20
7334,1,20
7335,1,20
7336,1,20
7337,1,21
7338,1,20
7339,1,20
7340,1,19
7341,1,20
7342,1,20
7343,1,20
7344,1,20
7345,1,20
7346,1,20
7347,1,20
7348,1,20
7349,1,20
7350,1,20
7351,1,20
7352,1,21
7353,1,20
7354,1,21
7355,1,20
7356,1,20
7357,1,21
7358,1,20
7359,1,19
7360,1,21
7361,1,21
7362,1,21
7363,1,21
7364,1,20
7365,1,21
7366,1,20
7367,1,20
7368,1,20
7369,1,20
7370,1,20
7371,1,21
7372,1,20
7373,1,20
7374,1,20
7375,1,19
7376,1,20
7377,1,21
7378,1,20
7379,1,20
7380,1,20
7381,1,20
7382,1,20
7383,1,20
7384,1,20
7385,1,21
7386,1,20
7387,1,20
7388,1,20
7389,1,20
7390,1,20
7391,1,20
7392,1,20
7393,1,20
7394,1,20
7395,1,21
7396,1,20
7397,1,20
7398,1,20
7399,1,20
7400,1,21
7401,1,20
7402,1,20
7403,1,20
7404,1,19
7405,1,21
7406,1,21
7407,1,20
7408,1,20
7409,1,20
7410,1,20
7411,1,20
7412,1,19
7413,1,20
7414,1,21
7415,1,21
7416,1,21
7417,1,20
7418,1,20
7419,1,20
7420,1,20
7421,1,20
7422,1,20
7423,1,19
7424,1,19
7425,1,20
7426,1,20
7427,1,20
7428,1,20
7429,1,20
7430,1,21
7431,1,20
7432,1,20
7433,1,21
7434,1,20
7435,1,20
7436,1,21
7437,1,21
7438,1,21
7439,1,20
7440,1,20
7441,1,21
7442,1,19
7443,1,21
7444,1,20
7445,1,20
7446,1,20
7447,1,21
7448,1,19
7449,1,20
7450,1,20
7451,1,20
7452,1,21
7453,1,20
7454,1,20
7455,1,20
7456,1,20
7457,1,20
7458,1,21
7459,1,20
7460,1,20
7461,1,20
7462,1,20
7463,1,20
7464,1,20
7465,1,20
7466,1,20
7467,1,20
7468,1,20
7469,1,20
7470,1,21
7471,1,20
7472,1,21
7473,1,20
7474,1,21
7475,1,21
7476,1,21
7477,1,20
7478,1,20
7479,1,21
7480,1,20
7481,1,20
7482,1,20
7483,1,20
7484,1,20
7485,1,20
7486,1,20
7487,1,20
7488,1,20
7489,1,19
7490,1,20
7491,1,20
7492,1,20
7493,1,20
7494,1,20
7495,1,27
7496,1,21
7497,1,20
7498,1,20
7499,1,20
7500,1,20
7501,1,19
7502,1,26
7503,1,21
7504,1,20
7505,1,20
7506,1,20
7507,1,20
7508,1,20
7509,1,20
7510,1,20
7511,1,20
7512,1,21
7513,1,21
7514,1,20
7515,1,20
7516,1,28
7517,1,20
7518,1,20
7519,1,20
7520,1,22
7521,1,18
7522,1,15
7523,1,15
7524,1,15
7525,1,15
7526,1,15
7527,1,15
7528,1,16
7529,1,17
7530,1,17
7531,1,16
7532,1,15
7533,1,16
7534,1,15
7535,1,22
7536,1,16
7537,1,15
7538,1,17
7539,1,19
7540,1,19
7541,1,19
7542,1,19
7543,1,18
7544,1,19
7545,1,19
7546,1,19
7547,1,19
7548,1,18
7549,1,20
7550,1,15
7551,1,18
7552,1,19
7553,1,20
7554,1,19
7555,1,15
7556,1,18
7557,1,18
7558,1,19
7559,1,20
7560,1,20
7561,1,20
7562,1,20
7563,1,20
7564,1,20
7565,1,20
7566,1,20
7567,1,19
7568,1,20
7569,1,20
7570,1,19
7571,1,19
7572,1,19
7573,1,20
7574,1,19
7575,1,20
7576,1,20
7577,1,20
7578,1,21
7579,1,20
7580,1,20
7581,1,20
7582,1,31
7583,1,18
7584,1,20
7585,1,19
7586,1,19
7587,1,20
7588,1,20
7589,1,19
7590,1,20
7591,1,20
7592,1,19
7593,1,20
7594,1,20
7595,1,20
7596,1,22
7597,1,20
7598,1,20
7599,1,20
7600,1,20
7601,1,20
7602,1,22
7603,1,20
7604,1,20
7605,1,20
7606,1,20
7607,1,20
7608,1,20
7609,1,20
7610,1,20
7611,1,20
7612,1,20
7613,1,20
7614,1,21
7615,1,20
7616,1,21
7617,1,21
7618,1,19
7619,1,20
7620,1,21
7621,1,19
7622,1,21
7623,1,20
7624,1,20
7625,1,20
7626,1,20
7627,1,21
7628,1,20
7629,1,20
7630,1,20
7631,1,21
7632,1,20
7633,1,19
7634,1,20
7635,1,20
7636,1,20
7637,1,20
7638,1,21
7639,1,20
7640,1,20
7641,1,20
7642,1,20
7643,1,21
7644,1,20
7645,1,20
7646,1,23
7647,1,20
7648,1,20
7649,1,21
7650,1,20
7651,1,20
7652,1,20
7653,1,19
7654,1,20
7655,1,20
7656,1,20
7657,1,19
7658,1,20
7659,1,20
7660,1,21
7661,1,20
7662,1,20
7663,1,20
7664,1,19
7665,1,20
7666,1,27
7667,1,21
7668,1,20
7669,1,20
7670,1,20
7671,1,21
7672,1,20
7673,1,20
7674,1,20
7675,1,20
7676,1,20
7677,1,20
7678,1,21
7679,1,20
7680,1,19
7681,1,20
7682,1,20
7683,1,20
7684,1,21
7685,1,20
7686,1,20
7687,1,20
7688,1,20
7689,1,20
7690,1,20
7691,1,21
7692,1,20
7693,1,20
7694,1,20
7695,1,20
7696,1,20
7697,1,20
7698,1,19
7699,1,20
7700,1,19
7701,1,20
7702,1,20
7703,1,21
7704,1,20
7705,1,20
7706,1,20
7707,1,20
7708,1,20
7709,1,21
7710,1,21
7711,1,21
7712,1,24
7713,1,20
7714,1,20
7715,1,20
7716,1,20
7717,1,20
7718,1,20
7719,1,20
7720,1,19
7721,1,21
7722,1,20
7723,1,20
7724,1,20
7725,1,21
7726,1,22
7727,1,19
7728,1,20
7729,1,20
7730,1,20
7731,1,20
7732,1,20
7733,1,20
7734,1,20
7735,1,19
7736,1,20
7737,1,20
7738,1,19
7739,1,19
7740,1,20
7741,1,20
7742,1,20
7743,1,20
7744,1,19
7745,1,19
7746,1,20
7747,1,20
7748,1,20
7749,1,20
7750,1,20
7751,1,20
7752,1,20
7753,1,20
7754,1,19
7755,1,19
7756,1,20
7757,1,30
7758,1,20
7759,1,20
7760,1,20
7761,1,20
7762,1,21
7763,1,20
7764,1,20
7765,1,20
7766,1,20
7767,1,20
7768,1,20
7769,1,19
7770,1,19
7771,1,20
7772,1,21
7773,1,20
7774,1,21
7775,1,20
7776,1,20
7777,1,20
7778,1,20
7779,1,20
7780,1,20
7781,1,20
7782,1,20
7783,1,21
7784,1,20
7785,1,20
7786,1,21
7787,1,20
7788,1,20
7789,1,19
7790,1,20
7791,1,19
7792,1,20
7793,1,20
7794,1,20
7795,1,19
7796,1,20
7797,1,20
7798,1,20
7799,1,20
7800,1,20
7801,1,20
7802,1,20
7803,1,20
7804,1,20
7805,1,20
7806,1,20
7807,1,21
7808,1,21
7809,1,21
7810,1,21
7811,1,20
7812,1,24
7813,1,19
7814,1,19
7815,1,19
7816,1,20
7817,1,20
7818,1,20
7819,1,20
7820,1,19
7821,1,20
7822,1,20
7823,1,19
7824,1,20
7825,1,20
7826,1,20
7827,1,21
7828,1,20
7829,1,21
7830,1,19
7831,1,20
7832,1,20
7833,1,20
7834,1,20
7835,1,20
7836,1,28
7837,1,20
7838,1,19
7839,1,20
7840,1,19
7841,1,20
7842,1,20
7843,1,19
7844,1,20
7845,1,20
7846,1,20
7847,1,20
7848,1,20
7849,1,20
7850,1,20
7851,1,20
7852,1,20
7853,1,20
7854,1,20
7855,1,20
7856,1,20
7857,1,19
7858,1,20
7859,1,21
7860,1,20
7861,1,21
7862,1,20
7863,1,20
7864,1,20
7865,1,20
7866,1,20
7867,1,19
7868,1,20
7869,1,20
7870,1,20
7871,1,21
7872,1,20
7873,1,20
7874,1,20
7875,1,19
7876,1,20
7877,1,20
7878,1,19
7879,1,21
7880,1,20
7881,1,20
7882,1,20
7883,1,20
7884,1,20
7885,1,20
7886,1,20
7887,1,20
7888,1,20
7889,1,20
7890,1,20
7891,1,20
7892,1,19
7893,1,20
7894,1,20
7895,1,20
7896,1,21
7897,1,21
7898,1,20
7899,1,20
7900,1,20
7901,1,19
7902,1,20
7903,1,20
7904,1,20
7905,1,20
7906,1,20
7907,1,20
7908,1,20
7909,1,20
7910,1,20
7911,1,20
7912,1,20
7913,1,20
7914,1,21
7915,1,21
7916,1,20
7917,1,21
7918,1,21
7919,1,20
7920,1,20
7921,1,20
7922,1,20
7923,1,20
7924,1,20
7925,1,20
7926,1,20
7927,1,20
7928,1,21
7929,1,20
7930,1,19
7931,1,20
7932,1,20
7933,1,20
7934,1,20
7935,1,20
7936,1,19
7937,1,20
7938,1,20
7939,1,19
7940,1,20
7941,1,20
7942,1,20
7943,1,20
7944,1,19
7945,1,20
7946,1,20
7947,1,20
7948,1,21
7949,1,21
7950,1,21
7951,1,21
7952,1,19
7953,1,20
7954,1,19
7955,1,20
7956,1,20
7957,1,19
7958,1,20
7959,1,20
7960,1,20
7961,1,19
7962,1,20
7963,1,19
7964,1,21
7965,1,20
7966,1,20
7967,1,21
7968,1,21
7969,1,20
7970,1,20
7971,1,20
7972,1,21
7973,1,21
7974,1,20
7975,1,20
7976,1,20
7977,1,20
7978,1,20
7979,1,19
7980,1,20
7981,1,20
7982,1,20
7983,1,23
7984,1,20
7985,1,20
7986,1,21
7987,1,20
7988,1,19
7989,1,21
7990,1,20
7991,1,20
7992,1,20
7993,1,20
7994,1,20
7995,1,20
7996,1,19
7997,1,21
7998,1,20
7999,1,20
8000,1,20
8001,1,20
8002,1,20
8003,1,20
8004,1,21
8005,1,20
8006,1,32
8007,1,20
8008,1,20
8009,1,21
8010,1,21
8011,1,20
8012,1,20
8013,1,20
8014,1,20
8015,1,20
8016,1,20
8017,1,20
8018,1,19
8019,1,20
8020,1,20
8021,1,20
8022,1,21
8023,1,21
8024,1,20
8025,1,21
8026,1,19
8027,1,20
8028,1,20
8029,1,20
8030,1,21
8031,1,20
8032,1,20
8033,1,21
8034,1,20
8035,1,20
8036,1,21
8037,1,20
8038,1,20
8039,1,20
8040,1,20
8041,1,20
8042,1,20
8043,1,21
8044,1,21
8045,1,20
8046,1,20
8047,1,20
8048,1,21
8049,1,20
8050,1,20
8051,1,20
8052,1,21
8053,1,20
8054,1,20
8055,1,20
8056,1,20
8057,1,20
8058,1,20
8059,1,20
8060,1,20
8061,1,21
8062,1,20
8063,1,20
8064,1,20
8065,1,20
8066,1,20
8067,1,21
8068,1,21
8069,1,19
8070,1,20
8071,1,19
8072,1,20
8073,1,20
8074,1,20
8075,1,20
8076,1,20
8077,1,20
8078,1,20
8079,1,20
8080,1,20
8081,1,20
8082,1,19
8083,1,20
8084,1,20
8085,1,21
8086,1,21
8087,1,20
8088,1,20
8089,1,19
8090,1,20
8091,1,20
8092,1,20
8093,1,20
8094,1,20
8095,1,21
8096,1,20
8097,1,20
8098,1,20
8099,1,20
8100,1,19
8101,1,19
8102,1,20
8103,1,20
8104,1,20
8105,1,21
8106,1,20
8107,1,20
8108,1,19
8109,1,21
8110,1,21
8111,1,20
8112,1,19
8113,1,20
8114,1,20
8115,1,20
8116,1,19
8117,1,21
8118,1,20
8119,1,19
8120,1,20
8121,1,20
8122,1,21
8123,1,21
8124,1,21
8125,1,20
8126,1,21
8127,1,20
8128,1,21
8129,1,20
8130,1,20
8131,1,21
8132,1,21
8133,1,20
8134,1,20
8135,1,20
8136,1,20
8137,1,20
8138,1,20
8139,1,20
8140,1,25
8141,1,20
8142,1,23
8143,1,21
8144,1,20
8145,1,19
8146,1,22
8147,1,20
8148,1,19
8149,1,20
8150,1,20
8151,1,21
8152,1,19
8153,1,20
8154,1,19
8155,1,20
8156,1,19
8157,1,20
8158,1,19
8159,1,19
8160,1,20
8161,1,20
8162,1,20
8163,1,19
8164,1,20
8165,1,20
8166,1,31
8167,1,19
8168,1,18
8169,1,20
8170,1,19
8171,1,19
8172,1,20
8173,1,19
8174,1,19
8175,1,20
8176,1,19
8177,1,20
8178,1,30
8179,1,19
8180,1,19
8181,1,20
8182,1,19
8183,1,20
8184,1,20
8185,1,19
8186,1,19
8187,1,20
8188,1,20
8189,1,19
8190,1,18
8191,1,19
8192,1,19
8193,1,19
8194,1,21
8195,1,20
8196,1,20
8197,1,19
8198,1,21
8199,1,19
8200,1,20
8201,1,20
8202,1,20
8203,1,19
8204,1,20
8205,1,19
8206,1,19
8207,1,20
8208,1,20
8209,1,20
8210,1,20
8211,1,20
8212,1,20
8213,1,20
8214,1,21
8215,1,21
8216,1,20
8217,1,19
8218,1,20
8219,1,21
8220,1,20
8221,1,20
8222,1,21
8223,1,21
8224,1,20
8225,1,20
8226,1,21
8227,1,20
8228,1,20
8229,1,20
8230,1,20
8231,1,20
8232,1,21
8233,1,20
8234,1,20
8235,1,20
8236,1,20
8237,1,20
8238,1,20
8239,1,21
8240,1,20
8241,1,21
8242,1,20
8243,1,20
8244,1,20
8245,1,20
8246,1,21
8247,1,21
8248,1,20
8249,1,20
8250,1,20
8251,1,21
8252,1,20
8253,1,19
8254,1,20
8255,1,20
8256,1,20
8257,1,20
8258,1,20
8259,1,20
8260,1,20
8261,1,21
8262,1,20
8263,1,21
8264,1,20
8265,1,20
8266,1,20
8267,1,20
8268,1,30
8269,1,21
8270,1,21
8271,1,20
8272,1,20
8273,1,21
8274,1,20
8275,1,20
8276,1,20
8277,1,20
8278,1,20
8279,1,20
8280,1,20
8281,1,20
8282,1,20
8283,1,19
8284,1,19
8285,1,20
8286,1,20
8287,1,20
8288,1,19
8289,1,19
8290,1,20
8291,1,19
8292,1,20
8293,1,19
8294,1,19
8295,1,19
8296,1,20
8297,1,19
8298,1,20
8299,1,19
8300,1,20
8301,1,19
8302,1,19
8303,1,20
8304,1,19
8305,1,20
8306,1,20
8307,1,20
8308,1,20
8309,1,20
8310,1,20
8311,1,20
8312,1,28
8313,1,19
8314,1,20
8315,1,19
8316,1,20
8317,1,19
8318,1,20
8319,1,19
8320,1,20
8321,1,20
8322,1,20
8323,1,20
8324,1,20
8325,1,20
8326,1,20
8327,1,21
8328,1,21
8329,1,20
8330,1,21
8331,1,21
8332,1,20
8333,1,20
8334,1,21
8335,1,21
8336,1,20
8337,1,20
8338,1,20
8339,1,20
8340,1,26
8341,1,16
8342,1,19
8343,1,18
8344,1,19
8345,1,16
8346,1,19
8347,1,20
8348,1,20
8349,1,20
8350,1,19
8351,1,20
8352,1,20
8353,1,20
8354,1,20
8355,1,19
8356,1,19
8357,1,18
8358,1,17
8359,1,21
8360,1,20
8361,1,20
8362,1,17
8363,1,18
8364,1,18
8365,1,21
8366,1,21
8367,1,20
8368,1,20
8369,1,20
8370,1,19
8371,1,19
8372,1,20
8373,1,20
8374,1,20
8375,1,20
8376,1,20
8377,1,20
8378,1,20
8379,1,20
8380,1,21
8381,1,20
8382,1,20
8383,1,20
8384,1,20
8385,1,29
8386,1,20
8387,1,20
8388,1,21
8389,1,21
8390,1,20
8391,1,19
8392,1,20
8393,1,20
8394,1,20
8395,1,20
8396,1,20
8397,1,20
8398,1,21
8399,1,20
8400,1,20
8401,1,26
8402,1,20
8403,1,20
8404,1,20
8405,1,20
8406,1,20
8407,1,20
8408,1,20
8409,1,20
8410,1,20
8411,1,19
8412,1,20
8413,1,19
8414,1,20
8415,1,19
8416,1,20
8417,1,20
8418,1,20
8419,1,19
8420,1,19
8421,1,26
8422,1,20
8423,1,20
8424,1,20
8425,1,19
8426,1,20
8427,1,19
8428,1,19
8429,1,23
8430,1,20
8431,1,20
8432,1,20
8433,1,20
8434,1,20
8435,1,28
8436,1,21
8437,1,20
8438,1,21
8439,1,19
8440,1,20
8441,1,19
8442,1,20
8443,1,20
8444,1,19
8445,1,19
8446,1,20
8447,1,19
8448,1,20
8449,1,21
8450,1,21
8451,1,20
8452,1,20
8453,1,20
8454,1,20
8455,1,20
8456,1,21
8457,1,21
8458,1,20
8459,1,20
8460,1,21
8461,1,20
8462,1,20
8463,1,21
8464,1,20
8465,1,20
8466,1,20
8467,1,19
8468,1,20
8469,1,21
8470,1,21
8471,1,21
8472,1,20
8473,1,21
8474,1,21
8475,1,20
8476,1,20
8477,1,21
8478,1,20
8479,1,20
8480,1,20
8481,1,21
8482,1,21
8483,1,20
8484,1,20
8485,1,20
8486,1,20
8487,1,20
8488,1,21
8489,1,20
8490,1,20
8491,1,22
8492,1,20
8493,1,19
8494,1,20
8495,1,20
8496,1,20
8497,1,20
8498,1,20
8499,1,20
8500,1,20
8501,1,21
8502,1,20
8503,1,20
8504,1,22
8505,1,20
8506,1,20
8507,1,20
8508,1,20
8509,1,20
8510,1,35
8511,1,20
8512,1,20
8513,1,20
8514,1,20
8515,1,20
8516,1,21
8517,1,20
8518,1,19
8519,1,20
8520,1,20
8521,1,20
8522,1,21
8523,1,20
8524,1,20
8525,1,20
8526,1,21
8527,1,20
8528,1,20
8529,1,19
8530,1,20
8531,1,20
8532,1,20
8533,1,20
8534,1,19
8535,1,20
8536,1,20
8537,1,21
8538,1,20
8539,1,20
8540,1,19
8541,1,21
8542,1,21
8543,1,19
8544,1,20
8545,1,20
8546,1,20
8547,1,20
8548,1,20
8549,1,20
8550,1,20
8551,1,20
8552,1,20
8553,1,20
8554,1,21
8555,1,21
8556,1,20
8557,1,20
8558,1,19
8559,1,21
8560,1,20
8561,1,25
8562,1,20
8563,1,21
8564,1,20
8565,1,20
8566,1,20
8567,1,20
8568,1,20
8569,1,19
8570,1,20
8571,1,20
8572,1,20
8573,1,21
8574,1,20
8575,1,20
8576,1,29
8577,1,20
8578,1,20
8579,1,20
8580,1,20
8581,1,20
8582,1,20
8583,1,19
8584,1,20
8585,1,20
8586,1,20
8587,1,20
8588,1,19
8589,1,19
8590,1,19
8591,1,20
8592,1,20
8593,1,20
8594,1,20
8595,1,29
8596,1,20
8597,1,19
8598,1,19
8599,1,19
8600,1,20
8601,1,20
8602,1,20
8603,1,19
8604,1,19
8605,1,20
8606,1,20
8607,1,19
8608,1,19
8609,1,22
8610,1,20
8611,1,20
8612,1,20
8613,1,20
8614,1,20
8615,1,20
8616,1,20
8617,1,20
8618,1,20
8619,1,20
8620,1,20
8621,1,20
8622,1,20
8623,1,21
8624,1,21
8625,1,20
8626,1,20
8627,1,20
8628,1,20
8629,1,20
8630,1,20
8631,1,20
8632,1,20
8633,1,20
8634,1,20
8635,1,21
8636,1,20
8637,1,20
8638,1,21
8639,1,20
8640,1,19
8641,1,20
8642,1,20
8643,1,21
8644,1,21
8645,1,20
8646,1,20
8647,1,20
8648,1,20
8649,1,20
8650,1,20
8651,1,20
8652,1,20
8653,1,20
8654,1,20
8655,1,20
8656,1,20
8657,1,20
8658,1,20
8659,1,20
8660,1,21
8661,1,21
8662,1,21
8663,1,21
8664,1,20
8665,1,20
8666,1,19
8667,1,21
8668,1,19
8669,1,20
8670,1,21
8671,1,20
8672,1,20
8673,1,20
8674,1,20
8675,1,21
8676,1,20
8677,1,20
8678,1,20
8679,1,24
8680,1,20
8681,1,20
8682,1,20
8683,1,20
8684,1,21
8685,1,24
8686,1,19
8687,1,20
8688,1,20
8689,1,20
8690,1,20
8691,1,21
8692,1,20
8693,1,20
8694,1,20
8695,1,20
8696,1,20
8697,1,20
8698,1,20
8699,1,20
8700,1,20
8701,1,19
8702,1,20
8703,1,20
8704,1,20
8705,1,19
8706,1,19
8707,1,19
8708,1,20
8709,1,20
8710,1,20
8711,1,20
8712,1,19
8713,1,20
8714,1,20
8715,1,20
8716,1,19
8717,1,20
8718,1,20
8719,1,19
8720,1,20
8721,1,20
8722,1,20
8723,1,20
8724,1,20
8725,1,19
8726,1,20
8727,1,20
8728,1,20
8729,1,19
8730,1,20
8731,1,32
8732,1,19
8733,1,20
8734,1,20
8735,1,20
8736,1,20
8737,1,20
8738,1,20
8739,1,20
8740,1,20
8741,1,20
8742,1,20
8743,1,19
8744,1,20
8745,1,20
8746,1,21
8747,1,20
8748,1,20
8749,1,20
8750,1,20
8751,1,20
8752,1,20
8753,1,20
8754,1,20
8755,1,20
8756,1,20
8757,1,21
8758,1,20
8759,1,21
8760,1,20
8761,1,19
8762,1,20
8763,1,20
8764,1,20
8765,1,20
8766,1,20
8767,1,20
8768,1,20
8769,1,20
8770,1,20
8771,1,20
8772,1,20
8773,1,21
8774,1,19
8775,1,20
8776,1,20
8777,1,20
8778,1,20
8779,1,20
8780,1,20
8781,1,20
8782,1,20
8783,1,20
8784,1,20
8785,1,19
8786,1,20
8787,1,19
8788,1,20
8789,1,20
8790,1,20
8791,1,20
8792,1,19
8793,1,21
8794,1,19
8795,1,20
8796,1,20
8797,1,20
8798,1,20
8799,1,21
8800,1,20
8801,1,19
8802,1,20
8803,1,20
8804,1,20
8805,1,20
8806,1,20
8807,1,20
8808,1,20
8809,1,20
8810,1,20
8811,1,20
8812,1,20
8813,1,20
8814,1,27
8815,1,20
8816,1,20
8817,1,20
8818,1,20
8819,1,19
8820,1,19
8821,1,20
8822,1,20
8823,1,21
8824,1,19
8825,1,20
8826,1,20
8827,1,20
8828,1,20
8829,1,19
8830,1,20
8831,1,20
8832,1,20
8833,1,20
8834,1,20
8835,1,20
8836,1,21
8837,1,19
8838,1,20
8839,1,20
8840,1,15
8841,1,15
8842,1,15
8843,1,16
8844,1,16
8845,1,15
8846,1,15
8847,1,15
8848,1,17
8849,1,16
8850,1,15
8851,1,15
8852,1,15
8853,1,23
8854,1,16
8855,1,15
8856,1,15
8857,1,16
8858,1,15
8859,1,16
8860,1,18
8861,1,18
8862,1,15
8863,1,15
8864,1,16
8865,1,26
8866,1,16
8867,1,15
8868,1,16
8869,1,16
8870,1,17
8871,1,16
8872,1,16
8873,1,15
8874,1,15
8875,1,15
8876,1,16
8877,1,16
8878,1,15
8879,1,17
8880,1,15
8881,1,14
8882,1,15
8883,1,15
8884,1,16
8885,1,23
8886,1,15
8887,1,15
8888,1,15
8889,1,15
8890,1,15
8891,1,15
8892,1,16
8893,1,15
8894,1,15
8895,1,15
8896,1,16
8897,1,17
8898,1,16
8899,1,15
8900,1,15
8901,1,17
8902,1,16
8903,1,15
8904,1,15
8905,1,15
8906,1,16
8907,1,18
8908,1,15
8909,1,15
8910,1,15
8911,1,10
8912,1,10
8913,1,10
8914,1,10
8915,1,10
8916,1,10
8917,1,10
8918,1,10
8919,1,10
8920,1,10
8921,1,10
8922,1,10
8923,1,10
8924,1,10
8925,1,10
8926,1,10
8927,1,10
8928,1,10
8929,1,10
8930,1,10
8931,1,10
8932,1,10
8933,1,10
8934,1,10
8935,1,10
8936,1,10
8937,1,10
8938,1,10
8939,1,10
8940,1,10
8941,1,10
8942,1,10
8943,1,10
8944,1,10
8945,1,10
8946,1,10
8947,1,10
8948,1,10
8949,1,10
8950,1,10
8951,1,10
8952,1,10
8953,1,10
8954,1,10
8955,1,10
8956,1,10
8957,1,10
8958,1,10
8959,1,10
8960,1,10
8961,1,10
8962,1,10
8963,1,10
8964,1,10
8965,1,10
8966,1,10
8967,1,10
8968,1,10
8969,1,10
8970,1,10
8971,1,10
8972,1,10
8973,1,10
8974,1,10
8975,1,10
8976,1,10
8977,1,10
8978,1,10
8979,1,10
8980,1,10
8981,1,10
8982,1,10
8983,1,10
8984,1,10
8985,1,10
8986,1,10
8987,1,10
8988,1,10
8989,1,10
8990,1,10
8991,1,10
8992,1,10
8993,1,10
8994,1,10
8995,1,10
8996,1,10
8997,1,10
8998,1,10
8999,1,10
9000,1,10
9001,1,10
9002,1,10
9003,1,10
9004,1,10
9005,1,10
9006,1,10
9007,1,10
9008,1,10
9009,1,10
9010,1,10
9011,1,10
9012,1,10
9013,1,10
9014,1,10
9015,1,10
9016,1,10
9017,1,10
9018,1,10
9019,1,10
9020,1,10
9021,1,10
9022,1,10
9023,1,10
9024,1,10
9025,1,10
9026,1,10
9027,1,10
9028,1,10
9029,1,10
9030,1,10
9031,1,10
9032,1,10
9033,1,10
9034,1,10
9035,1,10
9036,1,10
9037,1,10
9038,1,10
9039,1,10
9040,1,10
9041,1,10
9042,1,10
9043,1,10
9044,1,10
9045,1,10
9046,1,10
9047,1,10
9048,1,10
9049,1,10
9050,1,10
9051,1,10
9052,1,10
9053,1,10
9054,1,10
9055,1,10
9056,1,10
9057,1,10
9058,1,10
9059,1,10
9060,1,10
9061,1,10
9062,1,10
9063,1,10
9064,1,10
9065,1,10
9066,1,10
9067,1,10
9068,1,10
9069,1,10
9070,1,10
9071,1,10
9072,1,10
9073,1,10
9074,1,9
9075,1,10
9076,1,10
9077,1,10
9078,1,10
9079,1,10
9080,1,10
9081,1,10
9082,1,10
9083,1,10
9084,1,10
9085,1,10
9086,1,10
9087,1,10
9088,1,10
9089,1,10
9090,1,10
9091,1,10
9092,1,10
9093,1,10
9094,1,10
9095,1,10
9096,1,10
9097,1,10
9098,1,10
9099,1,10
9100,1,10
9101,1,10
9102,1,10
9103,1,10
9104,1,10
9105,1,10
9106,1,10
9107,1,10
9108,1,10
9109,1,10
9110,1,10
9111,1,10
9112,1,10
9113,1,10
9114,1,10
9115,1,10
9116,1,10
9117,1,10
9118,1,10
9119,1,10
9120,1,10
9121,1,10
9122,1,10
9123,1,10
9124,1,10
9125,1,10
9126,1,10
9127,1,10
9128,1,10
9129,1,10
9130,1,10
9131,1,10
9132,1,10
9133,1,10
9134,1,10
9135,1,10
9136,1,10
9137,1,10
9138,1,10
9139,1,10
9140,1,10
9141,1,10
9142,1,10
9143,1,10
9144,1,10
9145,1,10
9146,1,10
9147,1,10
9148,1,10
9149,1,10
9150,1,10
9151,1,10
9152,1,10
9153,1,10
9154,1,17
9155,1,10
9156,1,10
9157,1,10
9158,1,10
9159,1,10
9160,1,24
9161,1,19
9162,1,17
9163,1,19
9164,1,16
9165,1,19
9166,1,18
9167,1,19
9168,1,19
9169,1,17
9170,1,19
9171,1,19
9172,1,19
9173,1,19
9174,1,20
9175,1,18
9176,1,20
9177,1,15
9178,1,19
9179,1,20
9180,1,20
9181,1,17
9182,1,18
9183,1,18
9184,1,20
9185,1,20
9186,1,20
9187,1,20
9188,1,17
9189,1,19
9190,1,19
9191,1,19
9192,1,20
9193,1,20
9194,1,19
9195,1,20
9196,1,19
9197,1,20
9198,1,19
9199,1,19
9200,1,19
9201,1,20
9202,1,20
9203,1,20
9204,1,20
9205,1,20
9206,1,20
9207,1,20
9208,1,20
9209,1,20
9210,1,20
9211,1,14
9212,1,10
9213,1,10
9214,1,10
9215,1,10
9216,1,10
9217,1,10
9218,1,10
9219,1,10
9220,1,10
9221,1,10
9222,1,10
9223,1,10
9224,1,10
9225,1,10
9226,1,10
9227,1,10
9228,1,10
9229,1,10
9230,1,10
9231,1,10
9232,1,10
9233,1,10
9234,1,10
9235,1,10
9236,1,10
9237,1,10
9238,1,10
9239,1,10
9240,1,10
9241,1,10
9242,1,10
9243,1,10
9244,1,10
9245,1,10
9246,1,10
9247,1,10
9248,1,10
9249,1,10
9250,1,10
9251,1,10
9252,1,10
9253,1,10
9254,1,10
9255,1,10
9256,1,10
9257,1,10
9258,1,10
9259,1,10
9260,1,10
9261,1,10
9262,1,10
9263,1,10
9264,1,10
9265,1,10
9266,1,10
9267,1,10
9268,1,10
9269,1,10
9270,1,10
9271,1,10
9272,1,10
9273,1,10
9274,1,10
9275,1,10
9276,1,10
9277,1,10
9278,1,10
9279,1,10
9280,1,21
9281,1,10
9282,1,10
9283,1,10
9284,1,10
9285,1,10
9286,1,10
9287,1,10
9288,1,10
9289,1,10
9290,1,10
9291,1,10
9292,1,10
9293,1,10
9294,1,10
9295,1,10
9296,1,10
9297,1,10
9298,1,10
9299,1,10
9300,1,9
9301,1,10
9302,1,10
9303,1,10
9304,1,10
9305,1,10
9306,1,10
9307,1,10
9308,1,10
9309,1,10
9310,1,10
9311,1,10
9312,1,11
9313,1,10
9314,1,10
9315,1,10
9316,1,10
9317,1,10
9318,1,10
9319,1,10
9320,1,10
9321,1,10
9322,1,10
9323,1,10
9324,1,10
9325,1,10
9326,1,10
9327,1,10
9328,1,10
9329,1,10
9330,1,10
9331,1,10
9332,1,10
9333,1,10
9334,1,10
9335,1,10
9336,1,10
9337,1,10
9338,1,10
9339,1,10
9340,1,10
9341,1,10
9342,1,10
9343,1,10
9344,1,10
9345,1,10
9346,1,10
9347,1,10
9348,1,10
9349,1,11
9350,1,11
9351,1,10
9352,1,10
9353,1,10
9354,1,10
9355,1,10
9356,1,10
9357,1,10
9358,1,10
9359,1,10
9360,1,10
9361,1,10
9362,1,10
9363,1,10
9364,1,10
9365,1,10
9366,1,10
9367,1,10
9368,1,10
9369,1,10
9370,1,10
9371,1,10
9372,1,10
9373,1,10
9374,1,10
9375,1,10
9376,1,10
9377,1,10
9378,1,11
9379,1,10
9380,1,10
9381,1,10
9382,1,10
9383,1,10
9384,1,10
9385,1,10
9386,1,10
9387,1,10
9388,1,10
9389,1,10
9390,1,10
9391,1,10
9392,1,10
9393,1,10
9394,1,10
9395,1,10
9396,1,10
9397,1,10
9398,1,10
9399,1,10
9400,1,10
9401,1,10
9402,1,10
9403,1,10
9404,1,10
9405,1,10
9406,1,10
9407,1,10
9408,1,10
9409,1,10
9410,1,10
9411,1,10
9412,1,10
9413,1,10
9414,1,10
9415,1,10
9416,1,10
9417,1,10
9418,1,10
9419,1,10
9420,1,10
9421,1,10
9422,1,10
9423,1,10
9424,1,10
9425,1,10
9426,1,10
9427,1,10
9428,1,10
9429,1,15
9430,1,10
9431,1,10
9432,1,10
9433,1,10
9434,1,10
9435,1,10
9436,1,10
9437,1,10
9438,1,10
9439,1,10
9440,1,10
9441,1,10
9442,1,10
9443,1,10
9444,1,10
9445,1,10
9446,1,10
9447,1,10
9448,1,9
9449,1,10
9450,1,10
9451,1,10
9452,1,10
9453,1,10
9454,1,10
9455,1,10
9456,1,10
9457,1,10
9458,1,10
9459,1,10
9460,1,10
9461,1,10
9462,1,10
9463,1,10
9464,1,10
9465,1,10
9466,1,9
9467,1,10
9468,1,10
9469,1,10
9470,1,10
9471,1,10
9472,1,10
9473,1,10
9474,1,10
9475,1,10
9476,1,10
9477,1,10
9478,1,10
9479,1,10
9480,1,10
9481,1,10
9482,1,10
9483,1,10
9484,1,10
9485,1,10
9486,1,10
9487,1,10
9488,1,10
9489,1,10
9490,1,10
9491,1,10
9492,1,10
9493,1,10
9494,1,10
9495,1,10
9496,1,10
9497,1,10
9498,1,10
9499,1,10
9500,1,10
9501,1,10
9502,1,10
9503,1,10
9504,1,10
9505,1,10
9506,1,10
9507,1,10
9508,1,10
9509,1,10
9510,1,10
9511,1,10
9512,1,10
9513,1,10
9514,1,10
9515,1,10
9516,1,10
9517,1,10
9518,1,10
9519,1,10
9520,1,10
9521,1,10
9522,1,10
9523,1,10
9524,1,10
9525,1,10
9526,1,10
9527,1,10
9528,1,10
9529,1,10
9530,1,10
9531,1,10
9532,1,10
9533,1,10
9534,1,10
9535,1,10
9536,1,10
9537,1,10
9538,1,10
9539,1,10
9540,1,10
9541,1,10
9542,1,10
9543,1,10
9544,1,10
9545,1,10
9546,1,10
9547,1,10
9548,1,10
9549,1,10
9550,1,10
9551,1,10
9552,1,10
9553,1,10
9554,1,10
9555,1,10
9556,1,10
9557,1,10
9558,1,10
9559,1,10
9560,1,10
9561,1,9
9562,1,10
9563,1,10
9564,1,10
9565,1,10
9566,1,10
9567,1,10
9568,1,10
9569,1,10
9570,1,10
9571,1,10
9572,1,10
9573,1,10
9574,1,10
9575,1,10
9576,1,10
9577,1,10
9578,1,10
9579,1,10
9580,1,10
9581,1,10
9582,1,10
9583,1,10
9584,1,10
9585,1,10
9586,1,10
9587,1,10
9588,1,10
9589,1,10
9590,1,10
9591,1,10
9592,1,10
9593,1,10
9594,1,10
9595,1,10
9596,1,10
9597,1,10
9598,1,10
9599,1,10
9600,1,10
9601,1,10
9602,1,10
9603,1,10
9604,1,10
9605,1,10
9606,1,10
9607,1,10
9608,1,10
9609,1,10
9610,1,10
9611,1,10
9612,1,10
9613,1,10
9614,1,10
9615,1,10
9616,1,10
9617,1,10
9618,1,10
9619,1,10
9620,1,10
9621,1,10
9622,1,10
9623,1,10
9624,1,10
9625,1,10
9626,1,10
9627,1,10
9628,1,10
9629,1,10
9630,1,10
9631,1,10
9632,1,10
9633,1,10
9634,1,10
9635,1,10
9636,1,10
9637,1,10
9638,1,10
9639,1,10
9640,1,10
9641,1,10
9642,1,10
9643,1,10
9644,1,10
9645,1,10
9646,1,10
9647,1,10
9648,1,10
9649,1,10
9650,1,10
9651,1,10
9652,1,10
9653,1,10
9654,1,10
9655,1,10
9656,1,10
9657,1,10
9658,1,10
9659,1,10
9660,1,10
9661,1,10
9662,1,10
9663,1,10
9664,1,10
9665,1,10
9666,1,10
9667,1,14
9668,1,14
9669,1,14
9670,1,16
9671,1,16
9672,1,15
9673,1,16
9674,1,12
9675,1,10
9676,1,10
9677,1,10
9678,1,10
9679,1,10
9680,1,10
9681,1,10
9682,1,10
9683,1,10
9684,1,10
9685,1,10
9686,1,10
9687,1,10
9688,1,10
9689,1,10
9690,1,10
9691,1,10
9692,1,10
9693,1,10
9694,1,10
9695,1,10
9696,1,10
9697,1,10
9698,1,10
9699,1,10
9700,1,10
9701,1,10
9702,1,10
9703,1,10
9704,1,10
9705,1,10
9706,1,10
9707,1,10
9708,1,10
9709,1,10
9710,1,10
9711,1,10
9712,1,10
9713,1,10
9714,1,10
9715,1,10
9716,1,10
9717,1,10
9718,1,10
9719,1,10
9720,1,10
9721,1,10
9722,1,10
9723,1,10
9724,1,10
9725,1,10
9726,1,10
9727,1,10
9728,1,10
9729,1,10
9730,1,10
9731,1,10
9732,1,10
9733,1,10
9734,1,10
9735,1,10
9736,1,10
9737,1,10
9738,1,10
9739,1,10
9740,1,10
9741,1,10
9742,1,10
9743,1,10
9744,1,10
9745,1,10
9746,1,10
9747,1,10
9748,1,10
9749,1,10
9750,1,10
9751,1,10
9752,1,10
9753,1,10
9754,1,10
9755,1,10
9756,1,10
9757,1,10
9758,1,10
9759,1,10
9760,1,10
9761,1,10
9762,1,14
9763,1,10
9764,1,10
9765,1,10
9766,1,10
9767,1,10
9768,1,10
9769,1,10
9770,1,10
9771,1,10
9772,1,10
9773,1,10
9774,1,10
9775,1,10
9776,1,10
9777,1,10
9778,1,10
9779,1,10
9780,1,10
9781,1,10
9782,1,10
9783,1,10
9784,1,10
9785,1,10
9786,1,10
9787,1,10
9788,1,10
9789,1,10
9790,1,10
9791,1,10
9792,1,10
9793,1,10
9794,1,10
9795,1,10
9796,1,10
9797,1,10
9798,1,10
9799,1,10
9800,1,10
9801,1,10
9802,1,10
9803,1,10
9804,1,10
9805,1,10
9806,1,10
9807,1,10
9808,1,10
9809,1,10
9810,1,10
9811,1,10
9812,1,10
9813,1,10
9814,1,10
9815,1,10
9816,1,10
9817,1,10
9818,1,10
9819,1,10
9820,1,10
9821,1,10
9822,1,10
9823,1,10
9824,1,10
9825,1,10
9826,1,9
9827,1,10
9828,1,10
9829,1,10
9830,1,10
9831,1,10
9832,1,10
9833,1,10
9834,1,10
9835,1,10
9836,1,10
9837,1,10
9838,1,10
9839,1,10
9840,1,10
9841,1,10
9842,1,10
9843,1,10
9844,1,10
9845,1,10
9846,1,10
9847,1,10
9848,1,10
9849,1,10
9850,1,10
9851,1,10
9852,1,10
9853,1,10
9854,1,10
9855,1,10
9856,1,10
9857,1,10
9858,1,10
9859,1,10
9860,1,10
9861,1,10
9862,1,10
9863,1,10
9864,1,10
9865,1,10
9866,1,10
9867,1,10
9868,1,10
9869,1,10
9870,1,10
9871,1,10
9872,1,10
9873,1,10
9874,1,10
9875,1,10
9876,1,10
9877,1,10
9878,1,10
9879,1,10
9880,1,10
9881,1,10
9882,1,10
9883,1,10
9884,1,10
9885,1,10
9886,1,10
9887,1,10
9888,1,10
9889,1,10
9890,1,10
9891,1,10
9892,1,10
9893,1,10
9894,1,10
9895,1,10
9896,1,10
9897,1,10
9898,1,10
9899,1,10
9900,1,10
9901,1,10
9902,1,10
9903,1,10
9904,1,10
9905,1,10
9906,1,10
9907,1,10
9908,1,10
9909,1,10
9910,1,10
9911,1,10
9912,1,10
9913,1,10
9914,1,10
9915,1,10
9916,1,10
9917,1,10
9918,1,10
9919,1,10
9920,1,10
9921,1,10
9922,1,10
9923,1,10
9924,1,10
9925,1,10
9926,1,10
9927,1,10
9928,1,10
9929,1,10
9930,1,10
9931,1,10
9932,1,10
9933,1,10
9934,1,10
9935,1,10
9936,1,9
9937,1,10
9938,1,10
9939,1,10
9940,1,10
9941,1,10
9942,1,10
9943,1,10
9944,1,10
9945,1,10
9946,1,10
9947,1,10
9948,1,10
9949,1,10
9950,1,10
9951,1,10
9952,1,10
9953,1,10
9954,1,10
9955,1,10
9956,1,10
9957,1,10
9958,1,10
9959,1,10
9960,1,10
9961,1,10
9962,1,10
9963,1,10
9964,1,10
9965,1,10
9966,1,10
9967,1,10
9968,1,10
9969,1,10
9970,1,10
9971,1,10
9972,1,10
9973,1,10
9974,1,10
9975,1,10
9976,1,10
9977,1,10
9978,1,10
9979,1,10
9980,1,26
9981,1,19
9982,1,20
9983,1,20
9984,1,20
9985,1,20
9986,1,18
9987,1,19
9988,1,19
9989,1,19
9990,1,19
9991,1,19
9992,1,21
9993,1,17
9994,1,20
9995,1,20
9996,1,19
9997,1,18
9998,1,19
9999,1,20
10000,1,20
